ID,SMILES
CHEMBL7463,CN(C)CCCn1cc(C2=C(c3c[nH]c4ccccc34)C(=O)NC2=O)c2ccccc21
CHEMBL69863,Oc1cc(O)cc(/C=C/c2ccc(O)c(O)c2)c1
CHEMBL6291,Cn1cc(C2=C(c3cn(CCCSC(=N)N)c4ccccc34)C(=O)NC2=O)c2ccccc21
CHEMBL597845,CC(C(=O)Nc1cccc(/N=C/c2c(O)ccc3ccccc23)c1)c1ccccc1
CHEMBL596657,O=c1nc2oc3ccc4ccccc4c3cc-2c(=O)n1-c1ccccc1
CHEMBL596656,CC(CSc1cccc(/N=C/c2c(O)ccc3ccccc23)c1)c1ccccc1
CHEMBL596655,CC(NS(=O)(=O)c1ccc(/N=C/c2c(O)ccc3ccccc23)cc1)c1ccccc1
CHEMBL595354,CN(C)CCCCC(=O)Nc1ccc(NC(=S)NC(=O)c2ccc(C(C)(C)C)cc2)cc1
CHEMBL584353,CC(=S)NCCCC[C@H](NC(=O)OCc1ccccc1)C(=O)Nc1ccccc1
CHEMBL578512,Cn1ncnc2c(=O)n(C)c(=O)nc1-2
CHEMBL575250,CCOC(=O)C1=CN(c2ccccc2)C=C(C(=O)OCC)C1c1ccccc1
CHEMBL574373,CCOC(=O)C1=CN(C2CC2)C=C(C(=O)OCC)C1c1ccccc1
CHEMBL570186,O=C1Nc2c(ccc(Cl)c2Cl)/C1=C/c1ccc(F)cc1
CHEMBL569449,O=C1Nc2c(ccc(Cl)c2Cl)/C1=C/c1cc(Br)c(O)c(Br)c1
CHEMBL569054,O=C1Nc2c(ccc(Cl)c2Cl)/C1=C/c1ccc([N+](=O)[O-])cc1
CHEMBL558854,COC(=O)/C=C/c1cccc(Nc2ccccc2C(N)=O)c1
CHEMBL549853,NC(=O)c1ccccc1Nc1cccc(Oc2ccccc2)c1
CHEMBL540468,NC(=O)c1ccccc1Nc1cccc(-c2ccccc2)c1
CHEMBL523988,CCCn1c(-c2ccccc2)c(Cc2c(O)ccc3ccccc23)c(=O)[nH]c1=S
CHEMBL523676,CC[C@H](C)[C@H](NC(=O)[C@@H](NC(=O)[C@H](CCCCNC(C)=S)NC(=O)[C@H](CC(=O)O)NC(=O)[C@H](C)N)[C@@H](C)O)C(=O)O
CHEMBL523656,O=C1Oc2ccc3ccccc3c2CC1C(=O)c1cccc(Cl)c1
CHEMBL522968,CCn1c(-c2ccccc2)c(Cc2c(O)ccc3ccccc23)c(=O)[nH]c1=S
CHEMBL522620,CCCCn1c(-c2ccccc2)c(Cc2c(O)ccc3ccccc23)c(=O)[nH]c1=S
CHEMBL521807,CSCC[C@H](NC(=O)[C@H](CC(C)C)NC(=O)[C@H](CCCCNC(C)=S)NC(=O)[C@@H](N)CCCCN)C(=O)O
CHEMBL512966,CC(C)(C)c1ccc(-c2noc(C(=O)NNC(=S)Nc3cccc(C(F)(F)F)c3)n2)cc1
CHEMBL511318,Cc1ccc(C(=O)C2Cc3c(ccc4ccccc34)OC2=O)cc1
CHEMBL510904,CC[C@H](C)[C@H](NC(=O)[C@@H](NC(=O)[C@H](CCCCNC(C)=S)NC(=O)[C@H](CCCCN)NC(=O)[C@@H](N)Cc1cnc[nH]1)[C@@H](C)O)C(=O)O
CHEMBL507676,CC[C@H](C)[C@H](NC(=O)[C@@H](NC(=O)[C@H](CCCCNC(C)=S)NC(=O)[C@H](CC(=O)O)NC(=O)[C@@H](N)CO)[C@@H](C)O)C(=O)O
CHEMBL505399,CC[C@H](C)[C@H](NC(=O)[C@@H](NC(=O)[C@H](CCCCNC(C)=S)NC(=O)[C@H](CCCCN)NC(=O)[C@@H](N)CO)[C@@H](C)O)C(=O)O
CHEMBL504711,CSCC[C@H](NC(=O)[C@H](CC(C)C)NC(=O)[C@H](CCCCNC(C)=S)NC(=O)[C@H](CCCCN)NC(=O)[C@H](C)N)C(=O)O
CHEMBL504310,CSCC[C@H](NC(=O)[C@H](C)NC(=O)[C@H](CCCCNC(C)=S)NC(=O)[C@H](CCCCN)NC(=O)[C@@H](N)Cc1cnc[nH]1)C(=O)O
CHEMBL493159,CC(=S)NCCCC[C@H](NC(=O)[C@H](CC(=O)O)NC(=O)[C@@H](N)CO)C(=O)N[C@H](C(=O)O)[C@@H](C)O
CHEMBL492925,CC[C@H](C)[C@H](NC(=O)[C@@H](NC(=O)[C@H](CCCCNC(C)=S)NC(=O)[C@H](C)NC(=O)[C@@H](N)CO)[C@@H](C)O)C(=O)O
CHEMBL492710,CSCC[C@H](NC(=O)[C@@H](NC(=O)[C@H](CCCCNC(C)=S)NC(=O)[C@H](CC(=O)O)NC(=O)[C@@H](N)CO)[C@@H](C)O)C(=O)O
CHEMBL492308,CC(=S)NCCCC[C@H](NC(=O)[C@H](CCCCN)NC(=O)[C@@H](N)Cc1cnc[nH]1)C(=O)N[C@@H](CC(C)C)C(=O)O
CHEMBL491960,O=c1[nH]c(=S)[nH]c(-c2ccccc2)c1Cc1c(O)ccc2ccccc12
CHEMBL491106,C=CCn1c(-c2ccccc2)c(Cc2c(O)ccc3ccccc23)c(=O)[nH]c1=S
CHEMBL490905,O=C1Oc2ccc3ccccc3c2CC1C(=O)c1ccccc1Cl
CHEMBL490736,Cn1c(-c2ccccc2)c(Cc2c(O)ccc3ccccc23)c(=O)[nH]c1=S
CHEMBL4800545,COc1cc(C=C2C(=O)OC(c3ccccc3)OC2=O)cc(I)c1O
CHEMBL4798823,CCCCCCCCCCCCCC(=S)NCCCC[C@H](NC(=O)CCOCCOCCNc1cccc2c1C(=O)N(C1CCC(=O)NC1=O)C2=O)C(=O)Nc1ccccc1
CHEMBL4788047,CCCC(=S)NCCCC[C@H](NC(=O)OCc1ccccc1)C(=O)N[C@@H](Cc1c[nH]c2ccccc12)C(=O)NC(C)C
CHEMBL4784071,CCCCCc1c(CC(N)=O)[nH]c2ccc(Cl)cc12
CHEMBL4781198,NC(=O)Cc1[nH]c2ccc(Cl)cc2c1Cc1ccccc1
CHEMBL4779549,CN(C)c1ccnc(CNCCSC(c2ccccc2)(c2ccccc2)c2ccccc2)c1
CHEMBL4776939,CCCCNC(=S)NCCCC[C@H](NC(=O)OCc1ccccc1)C(=O)N[C@@H](Cc1c[nH]c2ccccc12)C(=O)NC(C)C
CHEMBL4762508,CCCCCCCCCCCCCC(=S)NCCCC[C@H](NC(=O)CCOCCOCCOCCOCCNc1cccc2c1C(=O)N(C1CCC(=O)NC1=O)C2=O)C(=O)Nc1ccccc1
CHEMBL4759512,CCNC(=S)NCCCC[C@H](NC(=O)OCc1ccccc1)C(=O)N[C@@H](Cc1c[nH]c2ccccc12)C(=O)NC(C)C
CHEMBL4751387,COC(=O)[C@@H](CSC(c1ccccc1)(c1ccccc1)c1ccccc1)NCc1cc(N(C)C)ccn1
CHEMBL4751357,CCOC(=O)C[C@@H]1C[C@@H](C(C)C)[C@H](CNC(=O)c2cncnc2)C=C1C
CHEMBL4750361,CC(C)(C)c1c(CC(N)=O)[nH]c2ccc(Cl)cc12
CHEMBL4749343,CCN(CC)c1ccnc(CNCCSC(c2ccccc2)(c2ccccc2)c2ccccc2)c1
CHEMBL4744968,CCCC(=S)NCCCC[C@H](NC(=O)OCc1ccccc1)C(=O)Nc1ccccc1
CHEMBL4743384,c1ccc(C(SCCNCc2ccccn2)(c2ccccc2)c2ccccc2)cc1
CHEMBL4741089,CCC(=S)NCCCC[C@H](NC(=O)OCc1ccccc1)C(=O)N[C@@H](Cc1c[nH]c2ccccc12)C(=O)NC(C)C
CHEMBL471905,O=C1Oc2ccc3ccccc3c2CC1C(=O)c1ccc(Cl)cc1
CHEMBL471730,Cc1cccc(C(=O)C2Cc3c(ccc4ccccc34)OC2=O)c1
CHEMBL471729,Cc1ccccc1C(=O)C1Cc2c(ccc3ccccc23)OC1=O
CHEMBL466960,CC(C)(C)c1ccc(-c2noc(C(=O)NNC(=S)Nc3ccc(C(F)(F)F)cc3)n2)cc1
CHEMBL4649073,CSCC[C@@H]1NC(=O)[C@@H](NC(=O)[C@H](CCCCNC(C)=S)NC(=O)[C@H](CCCCN)NC(=O)[C@H](Cc2c[nH]cn2)NC(C)=O)Cc2ccc(cc2)OCCCCCCCCCCNC1=O
CHEMBL4645240,CSCC[C@@H]1NC(=O)[C@@H](NC(=O)[C@H](CCCCNC(C)=S)NC(=O)[C@H](CCCCN)NC(=O)[C@H](Cc2c[nH]cn2)NC(C)=O)Cc2ccc(cc2)OCCCCCCCNC1=O
CHEMBL4645055,CSCC[C@H](NC(=O)[C@H](CC(C)C)NC(=O)[C@H](CCCCNC(C)=S)NC(=O)[C@@H]1Cc2ccc(cc2)OCCCCCC(=O)N[C@@H](Cc2c[nH]cn2)C(=O)N1)C(N)=O
CHEMBL4644788,CCSc1ccc(CSc2cccc(C(=O)Nc3ccc(C#N)cc3)c2)cc1
CHEMBL4643733,O=C(On1nnc2ccccc21)c1c[nH]c2ccccc12
CHEMBL4643590,CSCC[C@@H]1NC(=O)[C@@H](NC(=O)[C@H](CCCCNC(C)=S)NC(=O)[C@@H]2Cc3ccc(cc3)OCCCC(=O)N[C@@H](Cc3c[nH]cn3)C(=O)N2)Cc2ccc(cc2)OCCCCCNC1=O
CHEMBL4642867,CSCC[C@H](NC(=O)[C@H](CC(C)C)NC(=O)[C@H](CCCCNC(C)=S)NC(=O)[C@@H]1Cc2ccc(cc2)OCCCCCCCCCCC(=O)N[C@@H](Cc2c[nH]cn2)C(=O)N1)C(N)=O
CHEMBL4642085,CSCC[C@H](NC(=O)[C@H](CC(C)C)NC(=O)[C@H](CCCCNC(C)=S)NC(=O)[C@@H]1Cc2ccc(cc2)OCCCC(=O)N[C@@H](Cc2c[nH]cn2)C(=O)N1)C(N)=O
CHEMBL4639743,O=C1N/C(=C\c2ccc(O)c(Cl)c2)C(=O)N1Cc1ccc(F)cc1
CHEMBL4638983,CCCCCCCCCCCCCC(=S)NCCCCC(NC(=O)OCc1ccccc1)C(=O)Nc1ccccc1
CHEMBL4638944,NC(=O)c1ccccc1Nc1cccc(-c2cn(Cc3ccccc3)nn2)c1
CHEMBL4638076,O=C(On1nnc2ccccc21)c1ccc[nH]1
CHEMBL4636862,O=C(O)CCNC(=S)NCCCC[C@H](NS(=O)(=O)c1cccc(F)c1)C(=O)N[C@@H](Cc1c[nH]c2ccccc12)C(=O)NC1CCC1
CHEMBL4636618,CC(=S)NCCCC[C@H](NC(=O)[C@H](CCCNC(=N)N)NC(=O)[C@H](C)NC(=O)[C@@H](NC(=O)[C@H](CCC(N)=O)NC(=O)[C@@H](N)CCCCN)[C@@H](C)O)C(=O)N[C@@H](CO)C(=O)N[C@H](C(=O)NCC(=O)NCC(=O)N[C@@H](CCCCN)C(=O)N[C@@H](C)C(=O)O)[C@@H](C)O
CHEMBL4635807,CSCC[C@H](NC(=O)[C@H](CC(C)C)NC(=O)[C@H](CCCCNC(C)=S)NC(=O)[C@@H]1Cc2ccc(cc2)OCCCCCCCC(=O)N[C@@H](Cc2c[nH]cn2)C(=O)N1)C(N)=O
CHEMBL4633871,N#C/C(=C\c1coc(-c2cc(Cl)ccc2Cl)c1)C(=O)Nc1cccc2ncccc12
CHEMBL4632578,Nc1cc(C(=O)Nc2cccc(C(=O)Nc3ccc(S(=O)(=O)O)c4cc(S(=O)(=O)O)cc(S(=O)(=O)O)c34)c2)cc(C(=O)Nc2cccc(C(=O)Nc3ccc(S(=O)(=O)O)c4cc(S(=O)(=O)O)cc(S(=O)(=O)O)c34)c2)c1.[Na].[Na].[Na].[Na].[Na].[Na]
CHEMBL4632398,O=C1N/C(=C\c2ccc(N3CCCC3)cc2)C(=O)N1Cc1ccc(Cl)cc1
CHEMBL463165,CN1c2ccccc2C(=O)N2CCc3c([nH]c4ccccc34)[C@H]21
CHEMBL4592928,Cc1cc(C)nc(SCC(=O)Nc2ccc(Sc3cccc(C(F)(F)F)c3)cc2)n1
CHEMBL4590449,N#C/C(=C\c1ccc(-c2ccc(Cl)cc2Cl)o1)C(=O)Nc1cccc2ncccc12
CHEMBL4589851,Cc1cc(C)nc(SCC(=O)Nc2cccc(Nc3ccccc3C(N)=O)c2)n1
CHEMBL4587053,Cc1cc(C)nc(SCC(=O)Nc2ccc(Sc3ccsc3)cc2)n1
CHEMBL4583887,Cc1cc(C)nc(SCC(=O)Nc2cccc(Sc3ccccc3)c2)n1
CHEMBL4580074,CN(C)CCNC(=O)c1ccccc1Nc1cccc(OCCc2ccccc2)c1
CHEMBL4577801,COC(=O)[C@H](Cc1cn(C(c2ccccc2)(c2ccccc2)c2ccccc2)cn1)NC(=O)c1ccccn1
CHEMBL4574578,CCCCCCCCCCNC(=S)NCCCC[C@H](NC(=O)OCc1ccccc1)C(=O)Nc1cccc(O)c1
CHEMBL4574491,CC[C@H](C)[C@H](NC(=O)[C@@H](NC(=O)[C@H](CCCCNC(=O)c1ccc(/N=N/c2ccc(N(C)C)cc2)cc1)NC(=O)[C@H](CC(=O)O)NC(=O)[C@H](CO)NC(C)=O)[C@@H](C)O)C(N)=O
CHEMBL4571708,COc1ccc(Oc2ccc(C(C(C)C)N(C)c3ncc4c(N)nc(N)nc4n3)cc2)cc1
CHEMBL4567519,COc1cc(OC)cc(Oc2ccc(C(c3ccccc3)N(C)c3ncc4c(N)nc(N)nc4n3)cc2)c1
CHEMBL4563921,COC(=O)[C@H](Cc1cn(C(c2ccccc2)(c2ccccc2)c2ccccc2)cn1)NCc1cccc(N(C)C)c1
CHEMBL4562248,COC(=O)[C@H](Cc1cn(C(c2ccccc2)(c2ccccc2)c2ccccc2)cn1)NCc1cnc2ccccc2c1
CHEMBL4560543,COc1ccc(COc2ccc(C(C)N(C)c3ncc4c(N)nc(N)nc4n3)cc2)cc1
CHEMBL4557076,CC(c1ccc(Oc2ccc(OCc3ccccc3)cc2)cc1)N(C)c1ncc2c(N)nc(N)nc2n1
CHEMBL4556361,O=C(NO)c1ccccc1Nc1cccc(OCCc2ccccc2)c1
CHEMBL4553811,CC[C@H](C)[C@H](NC(=O)[C@H](CCCCNC(=O)Cc1ccc(/N=N/c2ccccc2)cc1)NC(=O)[C@@H](NC(C)=O)C(C)C)C(=O)N[C@@H](CCCCN)C(=O)N[C@@H](CCCCN)C(N)=O
CHEMBL4552464,CCCCCCCNC(=S)NCCCC[C@H](NC(=O)OCc1ccccc1)C(=O)Nc1ccccc1
CHEMBL4551537,CCN(CC)c1ccnc(CN[C@@H](Cc2cn(C(c3ccccc3)(c3ccccc3)c3ccccc3)cn2)C(=O)OC)c1
CHEMBL4551157,CCCCCCNC(=S)NCCCC[C@H](NC(=O)OCc1ccccc1)C(=O)Nc1ccccc1
CHEMBL4547965,O=C(NOC1CCCCO1)c1ccccc1Nc1cccc(OCCc2ccccc2)c1
CHEMBL4542861,COc1cccc(Sc2ccc(NC(=O)CSc3nc(C)cc(C)n3)cc2)c1
CHEMBL453807,CSCC[C@H](NC(=O)[C@H](CC(C)C)NC(=O)[C@H](CCCCNC(C)=S)NC(=O)[C@H](C)NC(=O)[C@@H](N)Cc1cnc[nH]1)C(=O)O
CHEMBL4536622,CCOC(=O)c1ccc2[nH]c(-c3ccc(Cl)cc3)nc2c1
CHEMBL4534699,CCCCNC(=O)c1ccccc1Nc1cccc(OCCc2ccccc2)c1
CHEMBL4529562,CONC(=O)c1ccccc1Nc1cccc(OCCc2ccccc2)c1
CHEMBL4529328,CC[C@H](C)[C@H](NC(C)=O)C(=O)N[C@@H](CCCCNC(=O)Cc1ccc(/N=N/c2ccccc2)cc1)C(=O)N[C@@H](CCCNC(=N)N)C(N)=O
CHEMBL452893,CC[C@H](C)[C@H](NC(=O)[C@@H](NC(=O)[C@H](CCCCNC(C)=S)NC(=O)[C@H](CC(=O)O)NC(=O)[C@@H](N)Cc1cnc[nH]1)[C@@H](C)O)C(=O)O
CHEMBL4527063,COC(=O)[C@H](Cc1cn(C(c2ccccc2)(c2ccccc2)c2ccccc2)cn1)NCc1ccncc1Br
CHEMBL4526249,COc1ccc(Sc2ccc(C(C)N(C)c3ncc4c(N)nc(N)nc4n3)cc2)cc1
CHEMBL4522115,COC(=O)[C@H](Cc1cn(C(c2ccccc2)(c2ccccc2)c2ccccc2)cn1)NCc1ccc2ccccc2n1
CHEMBL4520968,COC(=O)[C@H](Cc1cn(C(c2ccccc2)(c2ccccc2)c2ccccc2)cn1)NCc1ccccc1
CHEMBL4520707,CCOC(=O)c1ccc2[nH]c(-c3ccc(Br)cc3)nc2c1
CHEMBL4516659,NC(=O)CNC(=O)c1ccccc1Nc1cccc(OCCc2ccccc2)c1
CHEMBL4516553,O=C(CNC(=O)c1ccccc1Nc1cccc(OCCc2ccccc2)c1)NCCCC[C@@H]1NC(=O)CNC1=O
CHEMBL449883,CC(=S)NCCCC[C@H](NC(=O)[C@H](CCCCN)NC(=O)[C@@H](N)Cc1cnc[nH]1)C(=O)N[C@@H](CC(C)C)C(=O)N[C@@H](C)C(=O)O
CHEMBL447677,CSCC[C@H](NC(=O)[C@H](CC(C)C)NC(=O)[C@H](CCCCNC(C)=S)NC(=O)[C@H](CCCCN)NC(=O)[C@@H](N)Cc1cnc[nH]1)C(=O)O
CHEMBL4476189,Cc1cc(C)nc(SCC(=O)Nc2ccc(Sc3ccccc3)cc2)n1
CHEMBL4473932,COC(=O)[C@H](Cc1cn(C(c2ccccc2)(c2ccccc2)c2ccccc2)cn1)NCc1ccc(Br)cn1
CHEMBL4472024,CC(C)(C)OC(=O)NCCCNC(=O)c1ccccc1Nc1cccc(OCCc2ccccc2)c1
CHEMBL4471909,C[C@H](NC(=O)[C@H](CCCCNC(=O)CNC(=O)c1ccccc1Nc1cccc(OCCc2ccccc2)c1)NC(=O)OCc1ccccc1)C(N)=O
CHEMBL4471397,CC(C)(C)OC(=O)NCCNC(=O)c1ccccc1Nc1cccc(OCCc2ccccc2)c1
CHEMBL4470614,CCN(CC)C(=O)c1ccccc1Nc1cccc(OCCc2ccccc2)c1
CHEMBL4467058,O=C(NC1CCN(Cc2ccccc2)CC1)c1ccccc1Nc1cccc(OCCc2ccccc2)c1
CHEMBL4466240,CCCCCCCCNC(=S)NCCCC[C@H](NC(=O)OCc1ccccc1)C(=O)Nc1cccc(O)c1
CHEMBL4465910,C[C@H](NC(=O)[C@H](CCCCNC(=O)Cc1ccc(/N=N/c2ccc(OCc3ccccc3)cc2)cc1)NC(=O)OCc1ccccc1)C(N)=O
CHEMBL4465843,COC(=O)[C@H](Cc1cn(C(c2ccccc2)(c2ccccc2)c2ccccc2)cn1)NCc1ccc(N(C)C)cc1
CHEMBL4465620,O=C1CNC(=O)[C@H](CCCCNC(=S)CNC(=O)c2ccccc2Nc2cccc(OCCc3ccccc3)c2)N1
CHEMBL4464941,C[C@H](NC(=O)[C@H](CCCCNC(=O)Cc1ccc(/N=N/c2ccc(OCCc3ccccc3)cc2)cc1)NC(=O)OCc1ccccc1)C(N)=O
CHEMBL446446,NC(=O)C1CCCCc2c1[nH]c1ccc(Cl)cc21
CHEMBL4464347,COC(=O)[C@H](Cc1cn(C(c2ccccc2)(c2ccccc2)c2ccccc2)cn1)NCc1cc(N(C)C)ccn1
CHEMBL4463565,CCCCCCCCCCCCNC(=S)NCCCC[C@H](NC(=O)OCc1ccccc1)C(=O)Nc1ccccc1
CHEMBL4461910,COc1cc(OC)cc(Sc2ccc(C(C)N(C)c3ncc4c(N)nc(N)nc4n3)cc2)c1
CHEMBL4461872,CC[C@H](C)[C@H](NC(=O)[C@H](CCCNC(=N)N)NC(C)=O)C(=O)N[C@@H](CCCCNC(=O)Cc1ccc(/N=N/c2ccc(N(CC)CC)cc2)cc1)C(=O)N[C@@H](CCCNC(=N)N)C(=O)N[C@@H](Cc1ccc(O)cc1)C(N)=O
CHEMBL4459777,CCCNC(=O)c1ccccc1Nc1cccc(OCCc2ccccc2)c1
CHEMBL4459211,CCC(c1ccc(Oc2ccc(OC)cc2)cc1)N(C)c1ncc2c(N)nc(N)nc2n1
CHEMBL4458848,CC[C@H](C)[C@H](NC(=O)[C@H](CCCNC(=N)N)NC(C)=O)C(=O)N[C@@H](CCCCNC(=O)C(F)(F)F)C(=O)N[C@@H](CCCNC(=N)N)C(=O)N[C@@H](Cc1ccc(O)cc1)C(N)=O
CHEMBL4457681,C[C@H](NC(=O)[C@H](CCCCNC(=O)Cc1ccc(/N=N/c2ccc(O)cc2)cc1)NC(=O)OCc1ccccc1)C(N)=O
CHEMBL4457496,CC[C@H](C)[C@H](NC(=O)[C@H](CCCNC(=N)N)NC(C)=O)C(=O)N[C@@H](CCCCNC(=O)Cc1ccc(/N=N/c2ccc(N(C)C)cc2)cc1)C(=O)N[C@@H](CCCNC(=N)N)C(=O)N[C@@H](Cc1ccc(O)cc1)C(N)=O
CHEMBL4456401,O=C(c1ccccc1Nc1cccc(OCCc2ccccc2)c1)N1CCOCC1
CHEMBL4456341,COC(=O)[C@H](Cc1cn(C(c2ccccc2)(c2ccccc2)c2ccccc2)cn1)NCc1ccc(Br)nc1
CHEMBL4456262,CCCCCCCCCCCCNC(=S)NCCCC[C@H](NC(=O)OCc1ccccc1)C(=O)Nc1cccc(O)c1
CHEMBL4455717,O=C(NCc1ccccc1)c1ccccc1Nc1cccc(OCCc2ccccc2)c1
CHEMBL4455525,CC(C)(C)OC(=O)NCCCCCNC(=O)CNC(=O)c1ccccc1Nc1cccc(OCCc2ccccc2)c1
CHEMBL4455153,O=C(NCc1cccnc1)c1ccc2c(c1)C1C3CCC(C3)C1C(c1ccccc1)N2
CHEMBL4455074,C#CCNC(=O)c1ccccc1Nc1cccc(OCCc2ccccc2)c1
CHEMBL445405,C[C@H](NC(=O)/C=C/c1ccc(O)cc1)C(=O)NCCc1c[nH]c2ccccc12
CHEMBL4452438,COc1cc2ccccc2cc1Cn1cnc2sc3c(c2c1=O)CCC(NCc1cccnc1)C3
CHEMBL4452279,Cc1cccc(Sc2ccc(NC(=O)CSc3nc(C)cc(C)n3)cc2)c1
CHEMBL4451179,O=C(NCCO)c1ccccc1Nc1cccc(OCCc2ccccc2)c1
CHEMBL4449841,COC(=O)[C@H](Cc1cn(C(c2ccccc2)(c2ccccc2)c2ccccc2)cn1)NCc1cccc(Br)n1
CHEMBL4449389,CC[C@H](C)[C@H](NC(=O)[C@H](CCCNC(=N)N)NC(C)=O)C(=O)N[C@@H](CCCCNC(=O)CCc1ccc(/N=N/c2ccc(N(C)C)cc2)cc1)C(=O)N[C@@H](CCCNC(=N)N)C(=O)N[C@@H](Cc1ccc(O)cc1)C(N)=O
CHEMBL4449271,C[C@H](NC(=O)c1ccccc1Nc1cccc(OCCc2ccccc2)c1)C(N)=O
CHEMBL4448993,CC[C@H](C)[C@H](NC(=O)[C@H](CCCNC(=N)N)NC(C)=O)C(=O)N[C@@H](CCCCNC(=O)c1ccc(/N=N/c2ccc(N(C)C)cc2)cc1)C(=O)N[C@@H](CCCNC(=N)N)C(=O)N[C@@H](Cc1ccc(O)cc1)C(N)=O
CHEMBL4448900,CC(C)CCNC(=O)c1ccccc1Nc1cccc(OCCc2ccccc2)c1
CHEMBL4448654,CC(C)(C)OC(=O)NCCCCNC(=O)CNC(=O)c1ccccc1Nc1cccc(OCCc2ccccc2)c1
CHEMBL4447813,CC[C@H](C)[C@H](NC(=O)[C@H](CCCNC(=N)N)NC(C)=O)C(=O)N[C@@H](CCCCNC(=O)Cc1ccc(/N=N/c2ccccc2)cc1)C(=O)N[C@@H](CCCNC(=N)N)C(=O)N[C@@H](Cc1ccc(O)cc1)C(N)=O
CHEMBL4446458,CC[C@H](C)[C@H](NC(=O)[C@H](CCCNC(=N)N)NC(C)=O)C(=O)N[C@@H](CCCCNC(=O)Cc1ccc(/N=N/c2ccc(O)cc2)cc1)C(=O)N[C@@H](CCCNC(=N)N)C(=O)N[C@@H](Cc1ccc(O)cc1)C(N)=O
CHEMBL4446030,CCOC(=O)c1ccc2[nH]c(-c3ccc4c(c3)OCO4)nc2c1
CHEMBL4445565,CC[C@H](C)[C@H](NC(=O)[C@@H](NC(=O)[C@H](CCCCNC(=O)Cc1ccc(/N=N/c2ccccc2)cc1)NC(=O)[C@H](CC(=O)O)NC(=O)[C@H](CO)NC(C)=O)[C@@H](C)O)C(N)=O
CHEMBL4444104,COc1cc(OC)cc(Sc2ccc(C(c3ccccc3)N(C)c3ncc4c(N)nc(N)nc4n3)cc2)c1
CHEMBL4440955,CCCCCCCCCCCCNC(=S)NCCCC[C@@H]1NC(=O)[C@H](CCCNC(=N)N)NC(=O)CNC(=O)CCC(=O)NCC(=O)NCCCC[C@@H](C(N)=O)NC1=O
CHEMBL4439512,CCCCCNC(=O)c1ccccc1Nc1cccc(OCCc2ccccc2)c1
CHEMBL4439043,NC(=O)Cc1ccccc1Nc1cccc(OCCc2ccccc2)c1
CHEMBL4438364,CCCCCCCCCCCCNC(=O)CCCCC[C@@H]1NC(=O)[C@H](CCCNC(=N)N)NC(=O)CNC(=O)CCC(=O)NCC(=O)NCCCC[C@@H](C(N)=O)NC1=O
CHEMBL4438193,CCCCCCCCCCCCCC(=S)NCCCC[C@H](NC(=O)[C@@H](NC(=O)[C@H](CCCNC(=N)N)NC(C)=O)[C@@H](C)CC)C(=O)N[C@@H](CCCNC(=N)N)C(=O)N[C@@H](Cc1ccc(O)cc1)C(N)=O
CHEMBL4437455,CCCCCCCCNC(=S)NCCCC[C@H](NC(=O)OCc1ccccc1)C(=O)Nc1ccccc1
CHEMBL4437062,COC(=O)CNC(=O)c1ccccc1Nc1cccc(OCCc2ccccc2)c1
CHEMBL4437014,CCCCCCCCCCNC(=S)NCCCC[C@H](NC(=O)OCc1ccccc1)C(=O)Nc1ccccc1
CHEMBL4436874,CCCCCNC(=S)NCCCC[C@H](NC(=O)OCc1ccccc1)C(=O)Nc1cccc(O)c1
CHEMBL443681,CC(C)=CCC/C(C)=C/C[C@@H]1C[C@]2(CC=C(C)C)C(=O)[C@@](CC=C(C)C)(C(=O)C(C(=O)c3ccc(O)c(O)c3)=C2O)[C@@]1(C)CCC=C(C)C
CHEMBL4436322,NC(=O)c1ccccc1Nc1cccc(OCCc2ccc3ccccc3c2)c1
CHEMBL4435754,COC(=O)[C@@H](N)Cc1cn(C(c2ccccc2)(c2ccccc2)c2ccccc2)cn1
CHEMBL4434774,O=C(O)CNC(=O)c1ccccc1Nc1cccc(OCCc2ccccc2)c1
CHEMBL440410,O=C(/C=C/c1ccc(O)c(Br)c1)/C=C/c1cc(Br)c(O)c(Br)c1
CHEMBL438203,Cc1ccc(C2CC(=O)Oc3ccc4cc(Br)ccc4c32)cc1
CHEMBL430574,O=C1Cc2c([nH]c3ccccc23)-c2ccccc2N1
CHEMBL4295059,CCOC(=O)CCNC(=S)NCCCC[C@H](NC(=O)OCc1ccccc1)C(=O)NC1CCSc2ccccc21
CHEMBL429433,Cc1ccc2c3c(ccc2c1)OC(=O)CC3c1cccc(Br)c1
CHEMBL4288567,CCCCCCCNC(=O)NCCCC[C@H](NC(=O)OCc1ccccc1)C(=O)Nc1ccccc1
CHEMBL4287164,CCOC(=O)CCNC(=S)NCCCC[C@H](NC(=O)OCc1ccccc1)C(=O)Nc1cccc(O)c1
CHEMBL428637,O=C1/C(=C/c2cc(Br)c(O)c(Br)c2)CSC/C1=C\c1cc(Br)c(O)c(Br)c1
CHEMBL4228286,Cc1cc(C)nc(SCC(=O)Nc2ncc(Cc3cccc(OCc4cn(Cc5ccccc5)nn4)c3)s2)n1
CHEMBL4227975,C#CCOc1cccc(Cc2cnc(NC(=O)CSc3nc(C)cc(C)n3)s2)c1
CHEMBL4227437,COCCn1cc(COc2cccc(Cc3cnc(NC(=O)CSc4nc(C)cc(C)n4)s3)c2)nn1
CHEMBL4225505,Cc1cc(C)nc(SCC(=O)Nc2ncc(Cc3cccc(OCc4cn(CCOCCOCCOCCOCCOCCOCCOCCOCCOCCOCCOCCNC(=O)CCCCC5SCC6NC(=O)NC65)nn4)c3)s2)n1
CHEMBL4225467,Cc1cc(C)nc(SCC(=O)Nc2ncc(Cc3cccc(OCc4cn(CCCCNC(=O)COc5cccc6c5C(=O)N(C5CCC(=O)NC5=O)C6=O)nn4)c3)s2)n1
CHEMBL4218670,CCCCCCCCn1c(-c2ccc(-c3ccc(N(C)C)cc3)cc2)nc2cc(C(=O)OCC)ccc21
CHEMBL4218205,CCCCCCCCn1c(-c2ccc(-c3ccc(N4CCCCC4)cc3)cc2)nc2cc(C(=O)OCC)ccc21
CHEMBL4217034,CCCCCCCCn1c(-c2ccc(-c3ccc4c(c3)OCO4)cc2)nc2cc(C(=O)OCC)ccc21
CHEMBL4216715,CCOC(=O)c1ccc(N2CCN(CCn3c(-c4ccc(-c5ccc(N(C)C)cc5)cc4)nc4cc(C(=O)OCC)ccc43)CC2)c(N)c1
CHEMBL4214892,CCOC(=O)c1ccc(N2CCN(CCn3c(-c4ccc(-c5ccc(N6CCCCC6)cc5)cc4)nc4cc(C(=O)OCC)ccc43)CC2)c(N)c1
CHEMBL4212277,CCOC(=O)c1ccc(N2CCN(CCn3c(-c4ccc(-c5ccc(O)c(OC)c5)cc4)nc4cc(C(=O)OCC)ccc43)CC2)c(N)c1
CHEMBL4211748,CCCCCCCCn1c(-c2ccc(-c3ccc(O)c(OC)c3)cc2)nc2cc(C(=O)OCC)ccc21
CHEMBL4210076,CCOC(=O)c1ccc(N2CCN(CCn3c(-c4ccc(-c5ccc6c(c5)OCO6)cc4)nc4cc(C(=O)OCC)ccc43)CC2)c(N)c1
CHEMBL420311,NC(=O)C1CCCc2c1[nH]c1ccc(Cl)cc21
CHEMBL4202895,CCOC(=O)c1ccc(N2CCN(CCn3c(-c4ccc(-c5ccc(O)cc5O)cc4)nc4cc(C(=O)OCC)ccc43)CC2)c(N)c1
CHEMBL4176673,CNC(=S)NCCCC(=O)Nc1ccc(OCc2cccc(NC(=O)CSc3nc(C)cc(C)n3)c2)cc1
CHEMBL4175593,Cn1nnnc1SCC(=O)Nc1cccc(COc2ccc(NC(=O)c3cccs3)cc2)c1
CHEMBL4173548,Cc1cc(C)nc(SCC(=O)Nc2cccc(COc3ccc(NC(=O)c4ccccn4)cc3)c2)n1
CHEMBL4171986,Cc1cc(C)nc(SCC(=O)Nc2cccc(COc3ccc(NC(=O)C4CCOCC4)cc3)c2)n1
CHEMBL4171455,Cc1cc(C)nc(SCC(=O)Nc2cccc(COc3ccc(NC(=O)C4CCCN4)cc3)c2)n1
CHEMBL4170094,Cc1cc(C)nc(SCC(=O)Nc2cccc(COc3ccc(NC(=O)c4cnn(C)c4)cc3)c2)n1
CHEMBL4169477,CNC(=S)NCCC(=O)Nc1ccc(OCc2cccc(NC(=O)CSc3nc(C)cc(C)n3)c2)cc1
CHEMBL4167005,Cc1cc(C)nc(SCC(=O)Nc2cccc(COc3cccc(NC(=O)C4CCCN4C(=O)OC(C)(C)C)c3)c2)n1
CHEMBL4161780,Cc1cc(C)nc(SCC(=O)Nc2cccc(COc3ccc(NC(=O)c4ccco4)cc3)c2)n1
CHEMBL413376,Cc1ccc(C(=O)Nc2ccc(S(=O)(=O)O)c3cc(S(=O)(=O)O)cc(S(=O)(=O)O)c23)cc1NC(=O)c1cccc(NC(=O)Nc2cccc(C(=O)Nc3cc(C(=O)Nc4ccc(S(=O)(=O)O)c5cc(S(=O)(=O)O)cc(S(=O)(=O)O)c45)ccc3C)c2)c1.[Na].[Na].[Na].[Na].[Na].[Na]
CHEMBL413219,O=C1NC(=O)C(c2cn(CCOC(CCO)C3COC4(CCCCC4)O3)c3ccccc23)=C1c1c[nH]c2ccccc12
CHEMBL4129995,CCCCCCCCCCCCCC(=S)NCCCC[C@H](NC(=O)OCc1ccccc1)C(=O)Nc1ccccc1
CHEMBL4129734,CCCCCCCCNC(=O)CCCSC[C@H](NC(=O)[C@H](CCCNC(=N)N)NC(=O)[C@H](C)NC(=O)[C@@H](NC(=O)[C@H](CCC(N)=O)NC(=O)[C@@H](N)CCCCN)[C@@H](C)O)C(=O)N[C@@H](CO)C(=O)N[C@H](C(=O)NCC(=O)NCC(=O)N[C@@H](CCCCN)C(=O)O)[C@@H](C)O
CHEMBL4128547,CCCCCCCCCCCCCC(=S)NCCCC[C@H](NC(=O)[C@H](CCCCN)NC(=O)[C@@H]1CCCN1)C(=O)N[C@H](C(=O)NCC(=O)O)[C@@H](C)O
CHEMBL4128509,CCCCCCCCCCCCCNC(=O)CCCSC[C@H](NC(=O)[C@H](CCCNC(=N)N)NC(=O)[C@H](C)NC(=O)[C@@H](NC(=O)[C@H](CCC(N)=O)NC(=O)[C@@H](N)CCCCN)[C@@H](C)O)C(=O)N[C@@H](CO)C(=O)N[C@H](C(=O)NCC(=O)NCC(=O)N[C@@H](CCCCN)C(=O)O)[C@@H](C)O
CHEMBL4128353,CCCCCCCCCCNC(=O)CCCSC[C@H](NC(=O)[C@H](CCCNC(=N)N)NC(=O)[C@H](C)NC(=O)[C@@H](NC(=O)[C@H](CCC(N)=O)NC(=O)[C@@H](N)CCCCN)[C@@H](C)O)C(=O)N[C@@H](CO)C(=O)N[C@H](C(=O)NCC(=O)NCC(=O)N[C@@H](CCCCN)C(=O)O)[C@@H](C)O
CHEMBL4128014,CCCCCCCCCCNC(=O)CCCSC[C@H](NC(=O)OCc1ccccc1)C(=O)Nc1ccccc1
CHEMBL4125693,CCCCCCCCNC(=O)CCCSC[C@H](NC(=O)OCc1ccccc1)C(=O)Nc1ccccc1
CHEMBL4105292,COc1ccc2ccccc2c1Cn1cnc2sc3c(c2c1=O)CCC(NCc1ccncc1)C3
CHEMBL4104964,BrCCCCc1nc(-c2ccc(Br)cc2)no1
CHEMBL4104958,Cc1cc(C)nc(SCC(=O)Nc2cccc(NCc3cccs3)c2)n1
CHEMBL4104634,COC(=O)Nc1ccc2c(c1)C(NC(=O)Nc1cccc(C#N)c1)CC(C)(C)O2
CHEMBL4104492,CC(=O)NCCNC1CCc2c(sc3ncn(Cc4cccc(-c5ccccc5)c4)c(=O)c23)C1
CHEMBL4104325,COc1ccccc1CCNC1CCc2c(sc3ncn(Cc4cccc(-c5ccccc5)c4)c(=O)c23)C1
CHEMBL4104283,COc1ccc(CNC2CCc3c(sc4ncn(Cc5c(OC)ccc6ccccc56)c(=O)c34)C2)cn1
CHEMBL4104207,O=c1c2c3c(sc2ncn1Cc1cccc2ccccc12)CC(NC1CCCc2ccccc21)CC3
CHEMBL4103852,O=c1c2c3c(sc2ncn1Cc1ccc2ccccc2c1)CC(NCc1ccccc1F)CC3
CHEMBL4103565,FC(F)(F)c1ccc(-c2noc(CCCBr)n2)cc1
CHEMBL4103561,O=c1c2c3c(sc2ncn1Cc1cccc2cccnc12)CC(NCc1cccs1)CC3
CHEMBL4103499,Cc1nn(C)c(C)c1CNC1CCc2c(sc3ncn(Cc4cccc5cccnc45)c(=O)c23)C1
CHEMBL4103167,O=c1c2c3c(sc2ncn1Cc1cccc2ccccc12)CC(NC1CCCC1)CC3
CHEMBL4102605,O=c1c2c3c(sc2ncn1Cc1cccc2ccccc12)CC(NCCc1cccnc1)CC3
CHEMBL4102538,Cc1cc(C)nc(SCC(=O)Nc2ccc(C(=O)c3ccccc3)cc2)n1
CHEMBL4102528,O=c1c2c3c(sc2ncn1Cc1ccc2ccccc2c1)CC(NCC1CCCO1)CC3
CHEMBL4102436,COc1cccc(Cn2cnc3sc4c(c3c2=O)CCC(NCc2ccncc2)C4)c1
CHEMBL4102395,COc1cccc(Cn2cnc3sc4c(c3c2=O)CCC(NCC2CCCCC2)C4)c1
CHEMBL4102380,CC(C)(C)OC(=O)Nc1ccc2c(c1)C(NC(=O)Nc1cccc(C#N)c1)CC(C)(C)O2
CHEMBL4102273,COc1cccc(Cn2cnc3sc4c(c3c2=O)CCC(NCc2ccccc2OC)C4)c1
CHEMBL4102223,COc1ccc(Cn2cnc3sc4c(c3c2=O)CCC(NC2CCOCC2)C4)c2ccccc12
CHEMBL4101926,COc1ccccc1CCNC1CCc2c(sc3ncn(Cc4c(OC)ccc5ccccc45)c(=O)c23)C1
CHEMBL4101884,COc1ccc(CNC2CCc3c(sc4ncn(Cc5cccc6ccccc56)c(=O)c34)C2)cc1
CHEMBL4101834,COc1cccc(Cn2cnc3sc4c(c3c2=O)CCC(NCc2ccccc2)C4)c1
CHEMBL4101642,Cc1cc(C)nc(SCC(=O)Nc2cccc(NCc3ccccc3)c2)n1
CHEMBL4101486,COc1ccc(Cn2cnc3sc4c(c3c2=O)CCC(NCCNC(C)=O)C4)c2ccccc12
CHEMBL4101347,N#Cc1ccc(CNC2CCc3c(sc4ncn(Cc5cccc6cccnc56)c(=O)c34)C2)cc1
CHEMBL4100879,COc1ccc2ccccc2c1Cn1cnc2sc3c(c2c1=O)CCC(NCc1ccccc1F)C3
CHEMBL4100568,O=c1c2c3c(sc2ncn1Cc1cccc2ccccc12)CC(NCCN1CCCC1)CC3
CHEMBL4100124,O=c1c2c3c(sc2ncn1Cc1ccc2ccccc2c1)CC(NCCc1ccncc1)CC3
CHEMBL4099835,O=c1c2c3c(sc2ncn1Cc1ccccc1)CC(NC1CCc2ccccc21)CC3
CHEMBL4099815,O=c1c2c3c(sc2ncn1Cc1cccc2ccccc12)CC(NCc1ccco1)CC3
CHEMBL4099809,COc1ccccc1CNC1CCc2c(sc3ncn(Cc4cccc5ccccc45)c(=O)c23)C1
CHEMBL4099637,N#Cc1ccc(CNC2CCc3c(sc4ncn(Cc5cccc(-c6ccccc6)c5)c(=O)c34)C2)cc1
CHEMBL4099606,O=c1c2c3c(sc2ncn1Cc1cccc(-c2ccccc2)c1)CC(NCCN1CCCC1)CC3
CHEMBL4099396,O=c1c2c3c(sc2ncn1Cc1cccc2ccccc12)CC(NCc1ccccc1)CC3
CHEMBL4099169,ClCCCc1nc(-c2ccc(Br)cc2)no1
CHEMBL4099120,COc1ccc2ccccc2c1Cn1cnc2sc3c(c2c1=O)CCC(NCc1ccco1)C3
CHEMBL4099018,COc1ccccc1Cn1cnc2sc3c(c2c1=O)CCC(NCC1CCCCC1)C3
CHEMBL4099006,O=c1c2c3c(sc2ncn1Cc1ccc2ccccc2c1)CC(NCc1cncnc1)CC3
CHEMBL4098923,O=c1c2c3c(sc2ncn1Cc1ccc2ccccc2c1)CC(NC1CCc2ccccc21)CC3
CHEMBL4098851,CC(=O)Nc1cccc(OCc2cccc(NC(=O)CSc3nc(C)cc(C)n3)c2)c1
CHEMBL4097954,Cc1cc(C)nc(SCC(=O)Nc2ccc(OCc3ccccc3)cc2)n1
CHEMBL4097821,O=c1c2c3c(sc2ncn1Cc1cccc2ccccc12)CC(NCc1ccc(Cl)cc1)CC3
CHEMBL4097583,O=c1c2c3c(sc2ncn1Cc1ccc2ccccc2c1)CC(NCc1ccncc1)CC3
CHEMBL4097254,Cc1cc(C)nc([S+]([O-])CC(=O)Nc2ccc(Oc3ccccc3)cc2)n1
CHEMBL4097219,N#Cc1ccc(CNC2CCc3c(sc4ncn(Cc5cccc6ccccc56)c(=O)c34)C2)cc1
CHEMBL4096881,O=c1c2c3c(sc2ncn1Cc1cccc(-c2ccccc2)c1)CC(NCc1ccc(Cl)cc1)CC3
CHEMBL4096392,Cc1cc(C)nc(SCC(=O)Nc2cccc(COc3ccc(NS(=O)(=O)c4ccccc4)cc3)c2)n1
CHEMBL4096285,COc1cccc(Cn2cnc3sc4c(c3c2=O)CCC(NCc2ccccc2Cl)C4)c1
CHEMBL4095927,COc1ccc2ccccc2c1Cn1cnc2sc(CCNC3CCOCC3)c(C)c2c1=O
CHEMBL4095805,Cc1noc(C)c1CNC1CCc2c(sc3ncn(Cc4cccc5cccnc45)c(=O)c23)C1
CHEMBL4095748,Cc1nn(C)c(C)c1CNC1CCc2c(sc3ncn(Cc4cccc5ccccc45)c(=O)c23)C1
CHEMBL4095132,O=c1c2c3c(sc2ncn1Cc1cccc2cccnc12)CC(NCc1cccnc1)CC3
CHEMBL4094859,COc1ccc(NC2CCc3c(sc4ncn(Cc5cccc6cccnc56)c(=O)c34)C2)cc1
CHEMBL4094798,Cc1cc(C)nc(SCC(=O)Nc2ccc(Cc3ccccc3)cc2)n1
CHEMBL4094485,COc1ccc2ccccc2c1Cn1cnc2sc3c(c2c1=O)CCC(NC1CCOCC1)C3
CHEMBL4094191,O=c1c2c3c(sc2ncn1Cc1cccc2ccccc12)CC(NCCC1CCCCC1)CC3
CHEMBL4094149,COc1ccc(CNC2CCc3c(sc4ncn(Cc5cccc6cccnc56)c(=O)c34)C2)cc1
CHEMBL4094092,COc1ccccc1Cn1cnc2sc3c(c2c1=O)CCC(NCc1ccccc1)C3
CHEMBL4093814,O=c1c2c3c(sc2ncn1Cc1ccc2ccccc2c1)CC(NCc1ccccn1)CC3
CHEMBL4093675,COc1ccc(Cn2cnc3sc4c(c3c2=O)CCC(NCc2ccccc2F)C4)c2ccccc12
CHEMBL4093556,COc1ccc2ccccc2c1Cn1cnc2sc(CCNCc3ccncc3)c(C)c2c1=O
CHEMBL4093162,O=c1c2c3c(sc2ncn1Cc1cccc2cccnc12)CC(NCc1cccc(F)c1)CC3
CHEMBL4093155,Cc1cc(C)nc(SCC(=O)Nc2cccc(Nc3ccccc3)c2)n1
CHEMBL4092955,O=c1c2c3c(sc2ncn1Cc1cccc2cccnc12)CC(Nc1ccc2c(c1)OCO2)CC3
CHEMBL4092831,O=c1c2c3c(sc2ncn1Cc1cccc(-c2ccccc2)c1)CC(NC1CCOCC1)CC3
CHEMBL4092179,COc1ccc(CNC2CCc3c(sc4ncn(Cc5ccc6ccccc6c5)c(=O)c34)C2)cn1
CHEMBL4092071,COc1ccc2ccccc2c1Cn1cnc2sc3c(c2c1=O)CCC(NCc1c(C)noc1C)C3
CHEMBL4092063,COC1=C(Cn2cnc3sc4c(c3c2=O)CCC(NCc2cccc(OC)c2)C4)C2C=CC=CC2C=C1
CHEMBL4092016,Cc1cc(C)nc(SCC(=O)Nc2cccc(COc3ccc4[nH]ncc4c3)c2)n1
CHEMBL4092013,O=c1c2c3c(sc2ncn1Cc1ccc2ccccc2c1)CC(NC1CCOCC1)CC3
CHEMBL4091733,O=c1c2c3c(sc2ncn1Cc1cccc2cccnc12)CC(NCc1ccncc1)CC3
CHEMBL4091659,COc1ccc(CNC2CCc3c(sc4ncn(Cc5c(OC)ccc6ccccc56)c(=O)c34)C2)cc1
CHEMBL4091658,O=c1c2c3c(sc2ncn1Cc1cccc2cccnc12)CC(NCc1ccccc1)CC3
CHEMBL4091606,COc1ccc2ccccc2c1Cn1cnc2sc3c(c2c1=O)CCC(NC1CCCC1)C3
CHEMBL4091282,COc1ccc(CNC2CCc3c(sc4ncn(Cc5ccccc5OC)c(=O)c34)C2)cn1
CHEMBL4091181,COc1ccc2ccccc2c1Cn1cnc2sc3c(c2c1=O)CCC(NC1CCc2ccccc21)C3
CHEMBL4091109,Cc1cc(C)nc(SCC(=O)Nc2cccc(COc3ccc(NS(=O)(=O)C4CC4)cc3)c2)n1
CHEMBL4090793,O=c1c2c3c(sc2ncn1Cc1cccc2cccnc12)CC(NCCC1CCCCC1)CC3
CHEMBL4090249,CC(=O)OCCCc1nc(-c2ccc(Cl)cc2)no1
CHEMBL4090243,Cc1cc(C)nc(SCC(=O)Nc2ccc(NCc3ccccc3)cc2)n1
CHEMBL409006,O=C1CC(c2cccc(F)c2)c2c(ccc3cc(Br)ccc23)O1
CHEMBL4089978,O=c1c2c3c(sc2ncn1Cc1cccc2ccccc12)CC(NCCc1ccncc1)CC3
CHEMBL4089533,COc1ccc(Cn2cnc3sc4c(c3c2=O)CCC(NCC2CCOC2)C4)c2ccccc12
CHEMBL4088869,O=c1c2c3c(sc2ncn1Cc1cccc2cccnc12)CC(NCC1CCCCC1)CC3
CHEMBL4088800,Cc1cc(C)nc(SCC(=O)Nc2cccc(Oc3ccccc3)c2)n1
CHEMBL4088755,COc1ccc(Cn2cnc3sc4c(c3c2=O)CCC(NCc2c(C)noc2C)C4)c2ccccc12
CHEMBL4088712,O=c1c2c3c(sc2ncn1Cc1cccc2cccnc12)CC(NCc1cncnc1)CC3
CHEMBL4088677,Cc1cc(C)nc(SCC(=O)Nc2cccc(COc3ccc4ccccc4c3)c2)n1
CHEMBL4088608,COCCNC1CCc2c(sc3ncn(Cc4ccc(OC)c5ccccc45)c(=O)c23)C1
CHEMBL4088565,O=c1c2c3c(sc2ncn1Cc1cccc2cccnc12)CC(NCc1ccccc1Cl)CC3
CHEMBL4088480,Clc1ccc(-c2noc(CCCBr)n2)cc1
CHEMBL4088078,COc1ccc2ccccc2c1Cn1cnc2sc3c(c2c1=O)CCC(NCc1cccs1)C3
CHEMBL4088032,O=c1c2c3c(sc2ncn1Cc1cccc(-c2ccccc2)c1)CC(NCC1CCOC1)CC3
CHEMBL4087812,Cc1cc(C)nc(SCC(=O)Nc2cccc(OCc3ccccc3)c2)n1
CHEMBL4087302,COc1ccc2ccccc2c1Cn1cnc2sc(CCNCc3cccnc3)c(C)c2c1=O
CHEMBL4087180,O=c1c2c3c(sc2ncn1Cc1ccc2ccccc2c1)CC(NCc1cccs1)CC3
CHEMBL4087179,COc1ccc(NC2CCc3c(sc4ncn(Cc5cccc6ccccc56)c(=O)c34)C2)cc1
CHEMBL4086800,COc1cccc(CNC2CCc3c(sc4ncn(Cc5cccc6cccnc56)c(=O)c34)C2)c1
CHEMBL4086600,COc1ccc2ccccc2c1Cn1cnc2sc(CCNCc3ccc(C#N)cc3)c(C)c2c1=O
CHEMBL4086430,COc1ccccc1CCNC1CCc2c(sc3ncn(Cc4cccc5cccnc45)c(=O)c23)C1
CHEMBL4086327,COc1ccc(Cn2cnc3sc4c(c3c2=O)CCC(Nc2ccc(F)cc2)C4)c2ccccc12
CHEMBL4086150,COc1ccc2ccccc2c1Cn1cnc2sc3c(c2c1=O)CCC(NCC1CCOC1)C3
CHEMBL4086059,COc1ccc2ccccc2c1Cn1cnc2sc3c(c2c1=O)CCC(NCc1ccccn1)C3
CHEMBL4085686,COCCNC1CCc2c(sc3ncn(Cc4cccc(-c5ccccc5)c4)c(=O)c23)C1
CHEMBL4085575,Cc1nn(C)c(C)c1CNC1CCc2c(sc3ncn(Cc4ccc5ccccc5c4)c(=O)c23)C1
CHEMBL4085506,COc1ccccc1CCNC1CCc2c(sc3ncn(Cc4ccc5ccccc5c4)c(=O)c23)C1
CHEMBL4085429,Cc1cccc(NC2CCc3c(sc4ncn(Cc5cccc6cccnc56)c(=O)c34)C2)c1
CHEMBL4085403,COc1ccc(Cn2cnc3sc4c(c3c2=O)CCC(NCc2cccc(F)c2)C4)c2ccccc12
CHEMBL4085083,COc1ccc(Cn2cnc3sc4c(c3c2=O)CCC(NCCN2CCOCC2)C4)c2ccccc12
CHEMBL4084665,COc1ccc2ccccc2c1Cn1cnc2sc3c(c2c1=O)CCC(NCCc1cccnc1)C3
CHEMBL4084437,COc1ccc2ccccc2c1Cn1cnc2sc3c(c2c1=O)CCC(NCC1CCCO1)C3
CHEMBL4084259,O=c1c2c3c(sc2ncn1Cc1cccc2ccccc12)CC(NC1CCOCC1)CC3
CHEMBL4084112,O=c1c2c3c(sc2ncn1Cc1cccc(-c2ccccc2)c1)CC(NCCN1CCOCC1)CC3
CHEMBL4083885,COc1ccc(CNC2CCc3c(sc4ncn(Cc5ccc6ccccc6c5)c(=O)c34)C2)cc1
CHEMBL4083645,Cc1cc(C)nc(SCC(=O)Nc2ccc(NCc3cccs3)cc2)n1
CHEMBL4083397,COc1cccc(Cn2cnc3sc4c(c3c2=O)CCC(NC2CCc3ccccc32)C4)c1
CHEMBL4083372,COc1ccccc1CNC1CCc2c(sc3ncn(Cc4ccccc4OC)c(=O)c23)C1
CHEMBL4082925,COc1cccc(NC2CCc3c(sc4ncn(Cc5cccc6cccnc56)c(=O)c34)C2)c1
CHEMBL4082904,O=c1c2c3c(sc2ncn1Cc1cccc(-c2ccccc2)c1)CC(NCc1cccc(F)c1)CC3
CHEMBL4082446,O=c1c2c3c(sc2ncn1Cc1cccc2cccnc12)CC(NCc1cccc(Cl)c1)CC3
CHEMBL4081808,O=c1c2c3c(sc2ncn1Cc1ccc2ccccc2c1)CC(NCc1ccco1)CC3
CHEMBL4081638,COc1ccccc1CNC1CCc2c(sc3ncn(Cc4c(OC)ccc5ccccc45)c(=O)c23)C1
CHEMBL4081375,COc1ccc2ccccc2c1Cn1cnc2sc3c(c2c1=O)CCC(NCc1ccccc1)C3
CHEMBL4081171,O=c1c2c3c(sc2ncn1Cc1ccc2ccccc2c1)CC(NCCc1cccnc1)CC3
CHEMBL4080990,O=c1c2c3c(sc2ncn1Cc1ccccc1)CC(NCC1CCCCC1)CC3
CHEMBL4080981,O=c1c2c3c(sc2ncn1Cc1cccc2ccccc12)CC(NCc1cncnc1)CC3
CHEMBL4080890,O=c1c2c3c(sc2ncn1Cc1cccc2cccnc12)CC(NC1CCc2ccccc21)CC3
CHEMBL4080806,CC(=O)Nc1ccc(OCc2cccc(NC(=O)CSc3nc(C)cc(C)n3)c2)cc1
CHEMBL4080692,N#Cc1ccc(CNC2CCc3c(sc4ncn(Cc5ccc6ccccc6c5)c(=O)c34)C2)cc1
CHEMBL4080050,COc1ccc(CNC2CCc3c(sc4ncn(Cc5cccc6ccccc56)c(=O)c34)C2)cn1
CHEMBL4079934,Cc1cc(C)nc(SCC(=O)Nc2cccc(COc3ccccc3)c2)n1
CHEMBL4079555,O=c1c2c3c(sc2ncn1Cc1cccc2ccccc12)CC(NCc1ccncc1)CC3
CHEMBL4079422,COc1ccc2ccccc2c1Cn1cnc2sc(CCNCC3CCOC3)c(C)c2c1=O
CHEMBL4079294,O=c1c2c3c(sc2ncn1Cc1cccc(-c2ccccc2)c1)CC(NCc1cccs1)CC3
CHEMBL4079293,COc1ccccc1NC1CCc2c(sc3ncn(Cc4cccc5cccnc45)c(=O)c23)C1
CHEMBL4079229,Cc1cc(C)nc(SCC(=O)Nc2ccc(C(O)c3ccccc3)cc2)n1
CHEMBL4078889,COc1ccc(Cn2cnc3sc4c(c3c2=O)CCC(NC2CCCC2)C4)c2ccccc12
CHEMBL4078845,O=c1c2c3c(sc2ncn1Cc1cccc2cccnc12)CC(NCc1ccc(Cl)cc1)CC3
CHEMBL4078606,O=c1c2c3c(sc2ncn1Cc1cccc2ccccc12)CC(NCc1cccnc1)CC3
CHEMBL4078389,O=[N+]([O-])c1ccc(-c2noc(CCCBr)n2)cc1
CHEMBL4078269,Cc1cc(C)nc(SCC(=O)Nc2cccc(C(O)c3ccccc3)c2)n1
CHEMBL4078262,O=c1c2c3c(sc2ncn1Cc1cccc2ccccc12)CC(NCC1CCCO1)CC3
CHEMBL4077723,COc1ccc2ccccc2c1Cn1cnc2sc3c(c2c1=O)CCC(NCc1c(C)nn(C)c1C)C3
CHEMBL4077658,COc1ccccc1CCNC1CCc2c(sc3ncn(Cc4cccc5ccccc45)c(=O)c23)C1
CHEMBL4076175,Fc1ccc(-c2noc(CCCBr)n2)cc1
CHEMBL4076138,Cc1cc(C)nc(SCC(=O)Nc2ccc(Nc3ccccc3)cc2)n1
CHEMBL4075198,Cc1ccc(NC2CCc3c(sc4ncn(Cc5cccc6ccccc56)c(=O)c34)C2)cc1
CHEMBL4075172,COc1ccc2ccccc2c1Cn1cnc2sc3c(c2c1=O)CCC(NCc1cccc(F)c1)C3
CHEMBL407517,COc1cccc(C2CC(=O)Oc3ccc4cc(Br)ccc4c32)c1
CHEMBL4074963,O=c1c2c3c(sc2ncn1Cc1cccc2cccnc12)CC(NC1CCCc2ccccc21)CC3
CHEMBL4074706,O=c1c2c3c(sc2ncn1Cc1cccc2ccccc12)CC(NCc1cccc(Cl)c1)CC3
CHEMBL4074207,CC(C)(C)OC(=O)Nc1ccc2c(c1)C(NC(=O)Nc1cccc(Cl)c1)CC(C)(C)O2
CHEMBL4073924,O=c1c2c3c(sc2ncn1Cc1cccc(-c2ccccc2)c1)CC(NC1CCCC1)CC3
CHEMBL4073757,O=c1c2c3c(sc2ncn1Cc1ccc2ccccc2c1)CC(NCCN1CCCC1)CC3
CHEMBL4073515,COc1ccc(CNC2CCc3c(sc4ncn(Cc5ccccc5OC)c(=O)c34)C2)cc1
CHEMBL4073451,O=c1c2c3c(sc2ncn1Cc1cccc2ccccc12)CC(Nc1ccc(F)cc1)CC3
CHEMBL407321,Cc1ccc(C2CC(=O)Oc3ccc4cc(C)ccc4c32)cc1
CHEMBL4073122,O=c1c2c3c(sc2ncn1Cc1cccc2cccnc12)CC(NCc1ccccn1)CC3
CHEMBL4072955,COc1ccccc1Cn1cnc2sc3c(c2c1=O)CCC(NC1CCc2ccccc21)C3
CHEMBL4072926,COc1ccccc1CNC1CCc2c(sc3ncn(Cc4ccc5ccccc5c4)c(=O)c23)C1
CHEMBL4072476,COc1cccc(CNC2CCc3c(sc4ncn(Cc5ccccc5OC)c(=O)c34)C2)c1
CHEMBL4072414,O=c1c2c3c(sc2ncn1Cc1ccc2ccccc2c1)CC(NCc1cccc(F)c1)CC3
CHEMBL4072206,BrCCCc1nc(-c2ccc(Br)cc2)no1
CHEMBL4071742,COc1ccc(Cn2cnc3sc4c(c3c2=O)CCC(NCc2ccccc2Cl)C4)c2ccccc12
CHEMBL4071269,Cc1noc(C)c1CNC1CCc2c(sc3ncn(Cc4cccc5ccccc45)c(=O)c23)C1
CHEMBL4070778,O=c1c2c3c(sc2ncn1Cc1ccc2ccccc2c1)CC(NCc1ccccc1)CC3
CHEMBL407059,Cc1ccc2c3c(ccc2c1)OC(=O)CC3c1cccc(C#N)c1
CHEMBL4070242,O=c1c2c3c(sc2ncn1Cc1cccc2ccccc12)CC(NC1CCc2ccccc21)CC3
CHEMBL4070149,Cc1cc(C)nc(SCC(=O)Nc2cccc(COc3ccc(NC(=O)c4cccs4)cc3)c2)n1
CHEMBL4070026,COc1ccc2ccccc2c1Cn1cnc2sc3c(c2c1=O)CCC(NCc1ccc(C#N)cc1)C3
CHEMBL4069802,Cc1cc(C)nc(SCC(=O)Nc2cccc(Cc3ccccc3)c2)n1
CHEMBL4069340,Cc1cc(C)nc(SCC(=O)Nc2ccc(Oc3ccccc3)cc2)n1
CHEMBL4069194,Cc1cc(C)nc(SCC(=O)Nc2ccc(NCc3ccco3)cc2)n1
CHEMBL4069139,Cc1cc(C)nc(SCC(=O)Nc2cccc(COc3cccc4ccccc34)c2)n1
CHEMBL4068993,COc1ccc(-c2noc(CCCBr)n2)cc1
CHEMBL4068464,Cc1noc(C)c1CNC1CCc2c(sc3ncn(Cc4cccc(-c5ccccc5)c4)c(=O)c23)C1
CHEMBL4068379,O=c1c2c3c(sc2ncn1Cc1ccc2ccccc2c1)CC(NCC1CCOC1)CC3
CHEMBL406803,Cc1ccc2c3c(ccc2c1)OC(=O)CC3c1cccc(C(N)=O)c1
CHEMBL4067566,Cc1ccc(NC2CCc3c(sc4ncn(Cc5cccc6cccnc56)c(=O)c34)C2)cc1
CHEMBL4067508,Cc1noc(C)c1CNC1CCc2c(sc3ncn(Cc4ccc5ccccc5c4)c(=O)c23)C1
CHEMBL4067348,Cc1cc(C)nc(SCC(=O)Nc2cccc(C(=O)c3ccccc3)c2)n1
CHEMBL4067340,O=c1c2c3c(sc2ncn1Cc1cccc2cccnc12)CC(NCC1CCCO1)CC3
CHEMBL4067313,O=c1c2c3c(sc2ncn1Cc1ccccc1)CC(NCc1ccccc1Cl)CC3
CHEMBL4066736,O=c1c2c3c(sc2ncn1Cc1ccc2cccnc2c1)CC(NCC1CCOC1)CC3
CHEMBL4066659,O=c1c2c3c(sc2ncn1Cc1ccc2ccccc2c1)CC(NCCC1CCCCC1)CC3
CHEMBL4066558,O=c1c2c3c(sc2ncn1Cc1ccccc1)CC(NCc1ccccc1)CC3
CHEMBL4066102,O=c1c2c3c(sc2ncn1Cc1cccc2ccccc12)CC(NCc1ccccc1F)CC3
CHEMBL4065883,COc1ccc(CNCCc2sc3ncn(Cc4c(OC)ccc5ccccc45)c(=O)c3c2C)cc1
CHEMBL4065758,COc1ccc(Cn2cnc3sc4c(c3c2=O)CCC(NCc2cccs2)C4)c2ccccc12
CHEMBL4065368,COc1cccc(CNC2CCc3c(sc4ncn(Cc5ccc6ccccc6c5)c(=O)c34)C2)c1
CHEMBL4065311,O=c1c2c3c(sc2ncn1Cc1ccc2ccccc2c1)CC(NC1CCCC1)CC3
CHEMBL4065166,COc1ccc2ccccc2c1Cn1cnc2sc3c(c2c1=O)CCC(NCCN1CCOCC1)C3
CHEMBL4064912,COc1ccc(CNC2CCc3c(sc4ncn(Cc5cccc(OC)c5)c(=O)c34)C2)cc1
CHEMBL4064852,O=c1c2c3c(sc2ncn1Cc1cccc2cccnc12)CC(Nc1ccc(F)cc1)CC3
CHEMBL4064640,O=c1c2c3c(sc2ncn1Cc1cccc2ccccc12)CC(NCC1CCOC1)CC3
CHEMBL4064535,O=c1c2c3c(sc2ncn1Cc1cccc2ccccc12)CC(NCc1ccccn1)CC3
CHEMBL4064484,COc1ccc(CNC2CCc3c(sc4ncn(Cc5cccc6cccnc56)c(=O)c34)C2)cn1
CHEMBL4064346,COc1cccc(CNC2CCc3c(sc4ncn(Cc5cccc6ccccc56)c(=O)c34)C2)c1
CHEMBL4064285,O=c1c2c3c(sc2ncn1Cc1cccc2cccnc12)CC(NC1CCOCC1)CC3
CHEMBL4063968,COc1ccccc1Cn1cnc2sc3c(c2c1=O)CCC(NCc1ccncc1)C3
CHEMBL4063928,COc1ccccc1CCNC1CCc2c(sc3ncn(Cc4ccc(OC)c5ccccc45)c(=O)c23)C1
CHEMBL4063879,COc1cccc(CNC2CCc3c(sc4ncn(Cc5cccc(OC)c5)c(=O)c34)C2)c1
CHEMBL4063821,O=c1c2c3c(sc2ncn1Cc1cccc2ccccc12)CC(NCc1cccc(F)c1)CC3
CHEMBL4063820,O=c1c2c3c(sc2ncn1Cc1cccc(-c2ccccc2)c1)CC(Nc1ccc(F)cc1)CC3
CHEMBL4063332,COc1ccc2ccccc2c1Cn1cnc2sc3c(c2c1=O)CCC(NCc1cccc(Cl)c1)C3
CHEMBL4062859,O=c1c2c3c(sc2ncn1Cc1cccc(-c2ccccc2)c1)CC(NCCC1CCCCC1)CC3
CHEMBL4062401,O=c1c2c3c(sc2ncn1Cc1cccc2cccnc12)CC(NCCN1CCOCC1)CC3
CHEMBL4062236,OCCCc1nc(-c2ccc(Cl)cc2)no1
CHEMBL4061923,COc1ccc2ccccc2c1Cn1cnc2sc3c(c2c1=O)CCC(NCCc1ccncc1)C3
CHEMBL4061689,COc1ccc2ccccc2c1Cn1cnc2sc3c(c2c1=O)CCC(NCC1CCCCC1)C3
CHEMBL4061553,O=c1c2c3c(sc2ncn1Cc1cccc2cccnc12)CC(NCc1ccco1)CC3
CHEMBL4061543,COc1ccccc1CNC1CCc2c(sc3ncn(Cc4cccc5cccnc45)c(=O)c23)C1
CHEMBL4060655,O=c1c2c3c(sc2ncn1Cc1ccc2ccccc2c1)CC(NCC1CCCCC1)CC3
CHEMBL4060504,Cc1cc(C)nc(SCC(=O)Nc2cccc(CNc3ccccc3)c2)n1
CHEMBL4060452,Cc1cc(C)nc(SCC(=O)Nc2cccc(COc3cccc4cccnc34)c2)n1
CHEMBL4059756,CC(C)OC(=O)Nc1ccc2c(c1)C(NC(=O)Nc1cccc(C#N)c1)CC(C)(C)O2
CHEMBL4059471,Cc1cc(C)nc(SCC(=O)Nc2ccc(CNc3ccccc3)cc2)n1
CHEMBL405170,O=C(/C=C/c1cc(Br)c(O)c(Br)c1)CC(=O)/C=C/c1cc(Br)c(O)c(Br)c1
CHEMBL405156,O=C1CC(c2ccc(F)cc2)c2c(ccc3cc(Br)ccc23)O1
CHEMBL403988,Cc1ccc2c3c(ccc2c1)OC(=O)CC3c1ccccc1
CHEMBL402446,O=C1CC(c2ccccc2)c2c(ccc3cc(Br)ccc23)N1
CHEMBL3973267,CC(=S)NCCCC[C@@H]1NC(=O)[C@H](Cc2ccc3ccccc3c2)NC(=O)CCCCCCC(=O)NCCC[C@@H](C(N)=O)NC1=O
CHEMBL3972352,CCCCCCC(=S)NCCCCC(NC(=O)Oc1ccccc1)C(=O)Nc1ccccc1
CHEMBL3969626,O=C(/C=C/c1ccc(O)c(O)c1)NC(Cc1c[nH]c2ccccc12)C(=O)O
CHEMBL3968962,CCCC(=S)NCCCCC(NC(=O)Oc1ccccc1)C(=O)Nc1ccccc1
CHEMBL3964797,CC(=S)NCCCC[C@@H]1NC(=O)[C@H](Cc2csc3ccccc23)NC(=O)CCCCCCC(=O)NCCC[C@@H](C(N)=O)NC1=O
CHEMBL3963404,COc1c(Cl)cc(C(=O)NC(=S)Nc2ccc(NC(=O)CCCCN(C)C)cc2)cc1Cl
CHEMBL3962289,CCCC[C@@H]1NC(=O)CCCCCCC(=O)NC[C@@H](C(N)=O)NC(=O)[C@H](CCCCNC(C)=S)NC1=O
CHEMBL3958531,COc1c(Br)cc(C(=O)NC(=S)Nc2ccc(NC(=O)CCCCN(C)C)cc2)cc1Br
CHEMBL3956664,CC(C)=CCC[C@]1(C)[C@@H](CC=C(C)C)C[C@@]2(CC=C(C)C)C(=O)[C@]1(C(=O)C(C)C)C(=O)C(CC=C(C)C)=C2OCC(=O)O
CHEMBL3951539,Nc1cc(NC(=O)Nc2cccc(C(=O)Nc3cccc(C(=O)Nc4ccc(S(=O)(=O)O)c5cc(S(=O)(=O)O)cc(S(=O)(=O)O)c45)c3)c2)cc(C(=O)Nc2cccc(C(=O)Nc3ccc(S(=O)(=O)O)c4cc(S(=O)(=O)O)cc(S(=O)(=O)O)c34)c2)c1.[Na].[Na].[Na].[Na].[Na].[Na]
CHEMBL3944975,CCCCCC1CC(=O)c2cc(C3(C(F)(F)F)N=N3)ccc2O1
CHEMBL3943751,CC(=S)NCCCC[C@@H]1NC(=O)[C@H](Cc2ccc3ccccc3c2)NC(=O)CCCCCCC(=O)NCCCC[C@@H](C(N)=O)NC1=O
CHEMBL3940508,CCCCCCCCCCCCCC(=S)NCCCCC(NC(=O)Oc1ccccc1)C(=O)Nc1ccccc1
CHEMBL3935771,CC(=S)NCCCC[C@@H]1NC(=O)[C@H](Cc2csc3ccccc23)NC(=O)CCCCCCC(=O)NCC[C@@H](C(N)=O)NC1=O
CHEMBL3935689,CC(=S)NCCCC[C@@H]1NC(=O)CNCCC(=O)NCCCC[C@@H](C(N)=O)NC1=O
CHEMBL3934785,CCCC[C@@H]1NC(=O)CCCCCCC(=O)NCC[C@@H](C(N)=O)NC(=O)[C@H](CCCCNC(C)=S)NC1=O
CHEMBL3931028,CCCCOc1c(Cl)cc(C(=O)NC(=S)Nc2ccc(NC(=O)CCCCN(C)C)cc2)cc1Cl
CHEMBL3929155,CC(=S)NCCCC[C@@H]1NC(=O)[C@H](Cc2ccc3ccccc3c2)NC(=O)CCCCCCC(=O)NC[C@@H](C(N)=O)NC1=O
CHEMBL3925899,CC(=S)NCCCC[C@@H]1NC(=O)[C@H](Cc2csc3ccccc23)NC(=O)CCCCCCC(=O)NCCCC[C@@H](C(N)=O)NC1=O
CHEMBL3917969,CCCC[C@@H]1NC(=O)CCCCCCC(=O)NCCC[C@@H](C(N)=O)NC(=O)[C@H](CCCCNC(C)=S)NC1=O
CHEMBL3916893,CC(=S)NCCCC[C@@H]1NC(=O)[C@H](Cc2ccc3ccccc3c2)NC(=O)CCCCCCC(=O)NCC[C@@H](C(N)=O)NC1=O
CHEMBL3916500,Cc1ccc(C(=O)NC(=S)Nc2ccc(NC(=O)CCCCN(C)C)cc2)cc1Br
CHEMBL3907817,CC(=S)NCCCC[C@@H]1NC(=O)[C@H](Cc2csc3ccccc23)NC(=O)CCCCCCC(=O)NC[C@@H](C(N)=O)NC1=O
CHEMBL3907731,CC(=S)NCCCC[C@@H]1NC(=O)CNC(=O)CCCCCCC(=O)NCCCC[C@@H](C(N)=O)NC1=O
CHEMBL3889954,CCCC[C@@H]1NC(=O)CCCCCCC(=O)NCCCC[C@@H](C(N)=O)NC(=O)[C@H](CCCCNC(C)=S)NC1=O
CHEMBL3889559,CCOc1c(Cl)cc(C(=O)NC(=S)Nc2ccc(NC(=O)CCCCN(C)C)cc2)cc1Cl
CHEMBL3885246,CC(=O)NCCCC[C@H](NC(=O)[C@H](CCCCNC(=O)CI)NC(=O)[C@H](CCCCNC(C)=O)NC(C)=O)C(N)=O
CHEMBL387201,COCc1cc(-c2c(COC)cc(O)c(O)c2O)c(O)c(O)c1O
CHEMBL3828225,CC(C)=CCC/C(C)=C/C[C@@H]1C[C@]2(CC=C(C)C)C(=O)[C@@](CC=C(C)C)(C(=O)C(Cc3ccc(O)c(O)c3)=C2O)[C@@]1(C)CCC=C(C)C
CHEMBL382277,NC(=O)C1CCCC2c3cc(Cl)ccc3NC12
CHEMBL380797,CC(NC(=O)c1ccccc1/N=C/c1c(O)ccc2ccccc12)c1ccccc1
CHEMBL3806274,NC(=O)c1cncc(OCc2cccc(NC(=O)C34CC5CC(CC(C5)C3)C4)c2)c1
CHEMBL3806268,NC(=O)c1cncc(OCc2cccc(NC(=O)c3ccc(-c4ccncc4)cc3)c2)c1
CHEMBL3806257,NC(=O)c1cncc(OCc2cccc(NC(=O)c3ccncc3)c2)c1
CHEMBL3806238,CCc1ccc(C(=O)Nc2cccc(COc3cncc(C(N)=O)c3)c2)cc1
CHEMBL3806225,NC(=O)c1cncc(OCc2cccc(NC(=O)c3cccs3)c2)c1
CHEMBL3806221,NC(=O)c1cncc(OCc2cccc(NC(=O)CCc3ccccc3)c2)c1
CHEMBL3806211,NC(=O)c1cncc(OCc2cccc(NC(=O)/C=C/c3ccccn3)c2)c1
CHEMBL3806092,Cc1ccc(C(=O)Nc2cccc(COc3cncc(C(N)=O)c3)c2)cc1
CHEMBL3806073,NC(=O)c1cncc(OCc2cccc(NC(=O)c3ccc(OCc4ccccc4)cc3)c2)c1
CHEMBL3806063,NC(=O)c1cncc(OCc2cccc(NC(=O)c3cccnc3)c2)c1
CHEMBL3806033,CC(C)(C)c1ccc(C(=O)Nc2cccc(COc3cncc(C(N)=O)c3)c2)cc1
CHEMBL3806002,NC(=O)c1cncc(OCc2cccc(NC(=O)Cc3ccccc3)c2)c1
CHEMBL3806001,Cc1cccc(C(=O)Nc2cccc(COc3cncc(C(N)=O)c3)c2)c1
CHEMBL3805997,Cc1ccccc1C(=O)Nc1cccc(COc2cncc(C(N)=O)c2)c1
CHEMBL3805950,NC(=O)c1cncc(OCc2cccc(NC(=O)c3ccc(-n4ccnc4)cc3)c2)c1
CHEMBL3805934,NC(=O)c1cncc(OCc2cccc(NC(=O)c3ccc(-c4cccnc4)c(F)c3)c2)c1
CHEMBL3805929,NC(=O)c1cncc(OCc2cccc(NC(=O)c3ccc4cn[nH]c4c3)c2)c1
CHEMBL3805923,CC(=O)Nc1cccc(COc2cncc(C(N)=O)c2)c1
CHEMBL3805890,NC(=O)c1cncc(OCc2cccc(NC(=O)/C=C/c3cccnc3)c2)c1
CHEMBL3805847,NC(=O)c1cncc(OCc2cccc(NC(=O)c3ccc(-c4cccnc4)cc3)c2)c1
CHEMBL3805835,NC(=O)c1cncc(OCc2cccc(NC(=O)c3ccc(-c4ccccn4)cc3)c2)c1
CHEMBL3805831,C#Cc1ccc(C(=O)Nc2cccc(COc3cncc(C(N)=O)c3)c2)cc1
CHEMBL3805825,NC(=O)c1cncc(OCc2cccc(NC(=O)c3ccc(-n4cccn4)nc3)c2)c1
CHEMBL3805790,NC(=O)c1cncc(OCc2cccc(NC(=O)c3nc4ccccc4s3)c2)c1
CHEMBL3805778,NC(=O)c1cncc(OCc2cccc(NC(=O)c3c[nH]c4ccccc34)c2)c1
CHEMBL3805740,NC(=O)c1cncc(OCc2cccc(NC(=O)c3ccc4cc[nH]c4c3)c2)c1
CHEMBL3805728,NC(=O)c1cncc(OCc2cccc(NC(=O)c3ccc(F)cc3F)c2)c1
CHEMBL3805724,CN(C)C(=O)c1ccc(C(=O)Nc2cccc(COc3cncc(C(N)=O)c3)c2)cc1
CHEMBL3805709,NC(=O)c1cncc(OCc2cccc(NC(=O)C3=CCCCC3)c2)c1
CHEMBL3805694,NC(=O)c1cncc(OCc2cccc(NC(=O)c3ccc(-c4ccccc4)nc3)c2)c1
CHEMBL3805692,NC(=O)c1cncc(OCc2cccc(NC(=O)c3ccc(N4CCOCC4)cc3)c2)c1
CHEMBL3805687,CC(=O)c1ccc(C(=O)Nc2cccc(COc3cncc(C(N)=O)c3)c2)cc1
CHEMBL3805650,NC(=O)c1cncc(OCc2cccc(NC(=O)c3cccc(F)c3)c2)c1
CHEMBL3805641,NC(=O)c1cncc(OCc2cccc(NC(=O)c3ccc(-n4cccc4)cc3)c2)c1
CHEMBL3805639,NC(=O)c1cncc(OCc2cccc(NC(=O)c3ccc(-c4ccco4)nc3)c2)c1
CHEMBL3805632,NC(=O)c1cncc(OCc2cccc(NC(=O)c3ccc(N4CCCCC4)cc3)c2)c1
CHEMBL3805630,NC(=O)c1cncc(OCc2cccc(NC(=O)c3ccc(-n4cccn4)cc3)c2)c1
CHEMBL3805586,NC(=O)c1cncc(OCc2cccc(NC(=O)c3ccc(-c4ccccc4)c(F)c3)c2)c1
CHEMBL3805578,NC(=O)c1cncc(OCc2cccc(NC(=O)c3ccc(-c4cccs4)nc3)c2)c1
CHEMBL3805574,CNc1ccc(C(=O)Nc2cccc(COc3cncc(C(N)=O)c3)c2)cc1
CHEMBL3805568,NC(=O)c1cncc(OCc2cccc(NC(=O)c3ccc(C(=O)O)cc3)c2)c1
CHEMBL3805547,NC(=O)c1cncc(OCc2cccc(NC(=O)/C=C/c3ccncc3)c2)c1
CHEMBL3805538,NC(=O)c1cncc(OCc2cccc(NC(=O)c3ccc(N4CCNCC4)cc3)c2)c1
CHEMBL3805503,NC(=O)c1cncc(OCc2cccc(NC(=O)c3cccnn3)c2)c1
CHEMBL3805492,NC(=O)c1cncc(OCc2cccc(NC(=O)c3ccc(-c4ccncc4)c(F)c3)c2)c1
CHEMBL3805479,NC(=O)c1cncc(OCc2cccc(NC(=O)c3ccc(-c4cccs4)cc3)c2)c1
CHEMBL3805478,Cc1ccc(C(=O)Nc2cccc(COc3cncc(C(N)=O)c3)c2)cc1[N+](=O)[O-]
CHEMBL3805464,NC(=O)c1cncc(OCc2cccc(NC(=O)c3cc4ccccc4[nH]3)c2)c1
CHEMBL3805448,CCN(CC)c1ccc(C(=O)Nc2cccc(COc3cncc(C(N)=O)c3)c2)cc1
CHEMBL3805427,CC(=O)Nc1ccc(C(=O)Nc2cccc(COc3cncc(C(N)=O)c3)c2)cc1
CHEMBL3805426,NC(=O)c1cncc(OCc2cccc(NC(=O)c3ccc(F)c(F)c3)c2)c1
CHEMBL3805381,NC(=O)c1cncc(OCc2cccc(NC(=O)c3cccc4ccccc34)c2)c1
CHEMBL3805331,NC(=O)c1cncc(OCc2cccc(NC(=O)c3cnccn3)c2)c1
CHEMBL3805306,NC(=O)c1cncc(OCc2cccc(NC(=O)c3ccc(C4CCCCC4)cc3)c2)c1
CHEMBL3805304,NC(=O)c1ccc(C(=O)Nc2cccc(COc3cncc(C(N)=O)c3)c2)cc1
CHEMBL3805277,NC(=O)c1cncc(OCc2cccc(NC(=O)c3csc4ccccc34)c2)c1
CHEMBL3805267,COC(=O)c1ccc(C(=O)Nc2cccc(COc3cncc(C(N)=O)c3)c2)cc1
CHEMBL3805244,NC(=O)c1cncc(OCc2cccc(NC(=O)C3CCCCC3)c2)c1
CHEMBL3805224,CC(C)c1ccc(C(=O)Nc2cccc(COc3cncc(C(N)=O)c3)c2)cc1
CHEMBL3805130,NC(=O)c1cncc(OCc2cccc(NC(=O)c3cc4ccccc4o3)c2)c1
CHEMBL3805112,NC(=O)c1cncc(OCc2cccc(NC(=O)c3ccc4ccccc4c3)c2)c1
CHEMBL3805107,CCNc1ccc(C(=O)Nc2cccc(COc3cncc(C(N)=O)c3)c2)cc1
CHEMBL3805072,CNC(=O)c1ccc(C(=O)Nc2cccc(COc3cncc(C(N)=O)c3)c2)cc1
CHEMBL3805070,CN(C)c1ccc(C(=O)Nc2cccc(COc3cncc(C(N)=O)c3)c2)cc1
CHEMBL3805063,NC(=O)c1cncc(OCc2cccc(NC(=O)c3ccc(-n4cccc4)nc3)c2)c1
CHEMBL3805035,NC(=O)c1cncc(OCc2cccc(NC(=O)c3ccc(N4CCCC4)cc3)c2)c1
CHEMBL3805022,NC(=O)c1cncc(OCc2cccc(NC(=O)c3ccccn3)c2)c1
CHEMBL3805001,NC(=O)c1cncc(OCc2cccc(NC(=O)c3ccc(-c4ccccc4)cc3)c2)c1
CHEMBL3804932,NC(=O)c1cncc(OCc2cccc(NC(=O)c3ccncn3)c2)c1
CHEMBL3804923,NC(=O)c1cncc(OCc2cccc(NC(=O)/C=C/c3ccccc3)c2)c1
CHEMBL3804908,NC(=O)c1cncc(OCc2cccc(NC(=O)c3ccc(-c4nccs4)cc3)c2)c1
CHEMBL3804901,NC(=O)c1cncc(OCc2cccc(NC(=O)c3ccc(Oc4ccccc4)cc3)c2)c1
CHEMBL3804896,NC(=O)c1cncc(OCc2cccc(NC(=O)c3ccccc3F)c2)c1
CHEMBL3804891,NC(=O)c1cncc(OCc2cccc(NC(=O)c3cc4ccccc4s3)c2)c1
CHEMBL3804871,NC(=O)c1cncc(OCc2cccc(NC(=O)c3ccccc3)c2)c1
CHEMBL3804859,NC(=O)c1cncc(OCc2cccc(NC(=O)c3ccnnc3)c2)c1
CHEMBL3804850,NC(=O)c1cncc(OCc2cccc(NC(=O)c3ccc(F)cc3)c2)c1
CHEMBL3804834,NC(=O)c1cncc(OCc2cccc(NC(=O)c3ccc(-n4cnnc4)cc3)c2)c1
CHEMBL3781645,CSCC[C@H](NC(=O)[C@H](CC(C)C)NC(=O)[C@H](CCCCNC(C)=S)NC(=O)[C@H](CCCCN)NC(=O)[C@H](Cc1c[nH]cn1)NC(C)=O)C(N)=O
CHEMBL3781485,CSCC[C@H](NC(=O)[C@@H]1CCCCNC(=O)CCC(=O)NCCCC[C@H](NC(C)=O)C(=O)N[C@@H](CCCCN)C(=O)N[C@@H](CCCCNC(C)=S)C(=O)N1)C(N)=O
CHEMBL3781397,CSCC[C@H](NC(=O)[C@@H]1CCCCNC(=O)CNC(=O)CCCCCCC(=O)NCC(=O)NCCCC[C@H](NC(C)=O)C(=O)N[C@@H](CCCCN)C(=O)N[C@@H](CCCCNC(C)=S)C(=O)N1)C(N)=O
CHEMBL3781226,CSCC[C@H](NC(=O)[C@@H]1CCCCNC(=O)CNC(=O)CCCCC(=O)NCC(=O)NCCCC[C@H](NC(C)=O)C(=O)N[C@@H](CCCCN)C(=O)N[C@@H](CCCCNC(C)=S)C(=O)N1)C(N)=O
CHEMBL3781129,CSCC[C@H](NC(=O)[C@@H]1CCCCNC(=O)CCCCCCC(=O)NCCCC[C@H](NC(C)=O)C(=O)N[C@@H](CCCCN)C(=O)N[C@@H](CCCCNC(C)=S)C(=O)N1)C(N)=O
CHEMBL3780552,CSCC[C@H](NC(=O)[C@@H]1CCCCNC(=O)CCCCC(=O)NCCCC[C@H](NC(C)=O)C(=O)N[C@@H](CCCCN)C(=O)N[C@@H](CCCCNC(C)=S)C(=O)N1)C(N)=O
CHEMBL3780405,CSCC[C@H](NC(=O)[C@@H]1CCCCNC(=O)CNC(=O)CCC(=O)NCC(=O)NCCCC[C@H](NC(C)=O)C(=O)N[C@@H](CCCCN)C(=O)N[C@@H](CCCCNC(C)=S)C(=O)N1)C(N)=O
CHEMBL3779989,CC[C@H](C)[C@@H]1NC(=O)[C@H](CCCNC(=N)N)NC(=O)[C@H](Cc2ccccc2)NC(=O)[C@H](CC(N)=O)NC(=O)[C@@H](CO)NC(=O)[C@H](Cc2ccc(O)cc2)NC(=O)CSC[C@@H](C(N)=O)NC(=O)[C@H](CO)NC(=O)[C@H](CO)NC(=O)[C@H](CC(N)=O)NC(=O)[C@H](CO)NC(=O)[C@H](Cc2ccc(O)cc2)NC(=O)[C@H](CCCNC(=N)N)NC(=O)[C@H](CCCCNC(=O)C(F)(F)F)NC1=O
CHEMBL3771302,O=C(CSc1ncccn1)Nc1ncc(Cc2ccccc2)s1
CHEMBL3771296,CCC(Sc1nc(C)cc(C)n1)C(=O)Nc1ncc(Cc2cccc3ccc(Cl)cc23)s1
CHEMBL3771286,Cc1cc(C)nc(SCC(=O)Nc2ncc(Cc3cccc4ccc(Br)cc34)s2)n1
CHEMBL3771278,CCC(Sc1nc(C)cc(C)n1)C(=O)Nc1ncc(Cc2cccc3ccccc23)s1
CHEMBL3771203,Cc1cc(C)nc(SCC(=O)Nc2ncc(Cc3ccccc3C)s2)n1
CHEMBL3771164,Cc1cc(C)nc(SC(C)C(=O)Nc2ncc(Cc3cccc4ccccc34)s2)n1
CHEMBL3771035,Cc1cc(C)nc(SCC(=O)Nc2ncc(Cc3ccc(Cl)cc3)s2)n1
CHEMBL3771012,CCOc1cccc(Cc2cnc(NC(=O)CSc3nc(C)cc(C)n3)s2)c1
CHEMBL3770983,Cc1ccnc(SCC(=O)Nc2ncc(Cc3cccc4ccccc34)s2)n1
CHEMBL3770979,N#C/C(=C/c1ccc(-c2cc(Cl)ccc2Cl)o1)C(=O)Nc1cccc2ncccc12
CHEMBL3770903,Cc1cc(C)nc(SCC(=O)Nc2ncc(Cc3cccc4ccccc34)s2)n1
CHEMBL3770872,COc1ccc(Cc2cnc(NC(=O)C(C)Sc3nc(C)cc(C)n3)s2)cc1
CHEMBL3770860,Cc1cc(C)nc(SC(C)C(=O)Nc2ncc(Cc3ccc(-c4ccccc4)cc3)s2)n1
CHEMBL3770857,Cc1cc(C)nc(SCC(=O)Nc2ncc(C(=O)Nc3cccc4ccccc34)s2)n1
CHEMBL3770811,Cc1nc(SCC(=O)Nc2ncc(Cc3cccc4ccccc34)s2)nc(C)c1C
CHEMBL3770797,Cc1cc(C)nc(SCC(=O)Nc2ncc(Cc3c(C)ccc4ccccc34)s2)n1
CHEMBL3770731,Cc1cc(C)nc(SCC(=O)Nc2nnc(Cc3ccc(Cl)cc3)s2)n1
CHEMBL3770654,Cc1cccc(Cc2cnc(NC(=O)CSc3nc(C)cc(C)n3)s2)c1
CHEMBL3770553,CCc1cc(CC)nc(SCC(=O)Nc2ncc(Cc3cccc4ccccc34)s2)n1
CHEMBL3770429,Cc1cc(C)nc(SCC(=O)Nc2nnc(Cc3cccc4ccccc34)s2)n1
CHEMBL3770426,O=C(CSc1ncccn1)Nc1ncc(Cc2cccc3ccccc23)s1
CHEMBL3770258,Cc1cc(C)nc(SCC(=O)Nc2ncc(Cc3cccc4cc(Cl)ccc34)s2)n1
CHEMBL3770049,Cc1cc(C)nc(SCC(=O)Nc2ncc(Cc3cccc4ccc(Cl)cc34)s2)n1
CHEMBL3769999,Cc1cc(C)nc(SC(C)C(=O)Nc2ncc(Cc3cccc4ccc(Cl)cc34)s2)n1
CHEMBL3769991,Cc1cc(C)nc(S[C@@H](C)C(=O)Nc2ncc(Cc3cccc4ccccc34)s2)n1
CHEMBL3769988,Cc1cc(C)nc(SCC(=O)Nc2ncc(Cc3ccccc3)s2)n1
CHEMBL3769975,COc1ccc2ccccc2c1Cn1cnc2sc3c(c2c1=O)CCC(NCc1cccnc1)C3
CHEMBL3769691,CC(Sc1ncccn1)C(=O)Nc1ncc(Cc2cccc3ccccc23)s1
CHEMBL3769677,Cc1ccc(Cc2cnc(NC(=O)CSc3nc(C)cc(C)n3)s2)cc1
CHEMBL3769518,Cc1cc(C)nc(S[C@H](C)C(=O)Nc2ncc(Cc3cccc4ccccc34)s2)n1
CHEMBL3769473,O=C(CSc1nnc(-c2ccccc2)c(-c2ccccc2)n1)Nc1nnc(Cc2ccccc2)s1
CHEMBL3769432,CC(C)[C@@H]1NC(=O)[C@H](Cc2c[nH]cn2)NC(=O)[C@H](Cc2ccc(O)cc2)NC(=O)[C@H]([C@@H](C)O)NC(=O)[C@H](Cc2c[nH]cn2)NC(=O)[C@H](Cc2ccc(O)cc2)NC(=O)CSC[C@@H](C(N)=O)NC(=O)[C@H](Cc2ccc(O)cc2)NC(=O)[C@H](Cc2ccc(O)cc2)NC(=O)[C@H](CC(N)=O)NC(=O)[C@H]([C@@H](C)O)NC(=O)[C@H](CCCNC(=N)N)NC(=O)[C@H](CCCNC(=N)N)NC(=O)[C@H](CCCCNC(=O)C(F)(F)F)NC1=O
CHEMBL3754317,CCOC(=O)c1ccc2[nH]c(-c3ccc(N4CCCCC4)cc3)nc2c1
CHEMBL3752617,CCOC(=O)c1ccc2[nH]c(-c3ccc(N(C)C)cc3)nc2c1
CHEMBL3752548,CCOC(=O)c1ccc2[nH]c(-c3ccc(C(C)(C)C)cc3)nc2c1
CHEMBL3752305,CCOC(=O)c1ccc2[nH]c(-c3ccc(N4CCOCC4)cc3)nc2c1
CHEMBL372375,CC(NC(=O)c1ccc(/N=C/c2c(O)ccc3ccccc23)cc1)c1ccccc1
CHEMBL3609653,CC(=O)NCCCC[C@H](NC(C)=O)C(=O)N[C@@H](CCCCNC(C)=S)C(=O)N[C@@H](CNC(C)=O)C(N)=O
CHEMBL3609652,CC(=O)NCCCC[C@H](NC(=O)[C@H](CCCCNC(C)=S)NC(=O)[C@H](Cc1ccc(-c2ccccc2)cc1)NC(C)=O)C(N)=O
CHEMBL3609651,CC(=O)NCCCC[C@H](NC(=O)[C@H](CCCCNC(C)=S)NC(=O)[C@H](Cc1ccc2ccccc2c1)NC(C)=O)C(N)=O
CHEMBL3609650,CC(=O)NCCCC[C@H](NC(=O)[C@H](CCCCNC(C)=S)NC(=O)[C@H](CCc1ccccc1)NC(C)=O)C(N)=O
CHEMBL3609649,CC(=O)NCCCC[C@H](NC(=O)[C@H](CCCCNC(C)=S)NC(=O)[C@H](Cc1csc2ccccc12)NC(C)=O)C(N)=O
CHEMBL3609648,CC[C@H](NC(C)=O)C(=O)N[C@@H](CCCCNC(C)=S)C(=O)N[C@@H](CCCCNC(C)=O)C(N)=O
CHEMBL3609647,CCC[C@H](NC(C)=O)C(=O)N[C@@H](CCCCNC(C)=S)C(=O)N[C@@H](CCCCNC(C)=O)C(N)=O
CHEMBL3609646,CCCC[C@H](NC(C)=O)C(=O)N[C@@H](CCCCNC(C)=S)C(=O)N[C@@H](CCCCNC(C)=O)C(N)=O
CHEMBL3609645,CC(=O)NCCCC[C@H](NC(=O)[C@H](CCCCNC(C)=S)NC(=O)[C@H](CNC(C)=O)NC(C)=O)C(N)=O
CHEMBL3608449,CC(=O)NC[C@H](NC(=O)[C@H](CCCCNC(C)=S)NC(=O)[C@H](Cc1csc2ccccc12)NC(C)=O)C(N)=O
CHEMBL3608448,CC(=O)NC[C@H](NC(=O)[C@H](CCCCNC(C)=S)NC(=O)[C@H](Cc1ccc(-c2ccccc2)cc1)NC(C)=O)C(N)=O
CHEMBL3608447,CC(=O)NC[C@H](NC(=O)[C@H](CCCCNC(C)=S)NC(=O)[C@H](CNC(C)=O)NC(C)=O)C(N)=O
CHEMBL3608446,CC(=O)NCCCC[C@H](NC(C)=O)C(=O)N[C@@H](CCCCNC(C)=S)C(=O)N[C@@H](Cc1ccc(-c2ccccc2)cc1)C(N)=O
CHEMBL3608445,CC(=O)NCCCC[C@H](NC(C)=O)C(=O)N[C@@H](CCCCNC(C)=S)C(=O)N[C@@H](Cc1ccc2ccccc2c1)C(N)=O
CHEMBL3608444,CC(=O)NCCCC[C@H](NC(C)=O)C(=O)N[C@@H](CCCCNC(C)=S)C(=O)N[C@@H](CCc1ccccc1)C(N)=O
CHEMBL3608443,CC(=O)NCCCC[C@H](NC(C)=O)C(=O)N[C@@H](CCCCNC(C)=S)C(=O)N[C@@H](Cc1csc2ccccc12)C(N)=O
CHEMBL3608442,CC[C@H](NC(=O)[C@H](CCCCNC(C)=S)NC(=O)[C@H](CCCCNC(C)=O)NC(C)=O)C(N)=O
CHEMBL3608441,CCC[C@H](NC(=O)[C@H](CCCCNC(C)=S)NC(=O)[C@H](CCCCNC(C)=O)NC(C)=O)C(N)=O
CHEMBL3608440,CCCC[C@H](NC(=O)[C@H](CCCCNC(C)=S)NC(=O)[C@H](CCCCNC(C)=O)NC(C)=O)C(N)=O
CHEMBL3608311,CC(=O)NC[C@H](NC(=O)[C@H](CCCCNC(C)=S)NC(=O)[C@H](Cc1ccc2ccccc2c1)NC(C)=O)C(N)=O
CHEMBL3604373,COC(=O)[C@H](Cc1cn(C(c2ccccc2)(c2ccccc2)c2ccccc2)cn1)NCc1cc(N(C)C)cc(CN[C@@H](Cc2cn(C(c3ccccc3)(c3ccccc3)c3ccccc3)cn2)C(=O)OC)n1
CHEMBL3604372,COC(=O)[C@H](Cc1c[nH]cn1)NCc1cc(N(C)C)cc(CN[C@@H](Cc2cn(C(c3ccccc3)(c3ccccc3)c3ccccc3)cn2)C(=O)OC)n1
CHEMBL3601363,CNC(=S)NCCCC[C@H](NC(=O)[C@H](CCCCNC(C)=O)NC(C)=O)C(=O)N[C@@H](CCCCNC(C)=O)C(N)=O
CHEMBL3601362,CC(=O)NCCCC[C@H](NC(=O)[C@H](CCCCNC(N)=S)NC(=O)[C@H](CCCCNC(C)=O)NC(C)=O)C(N)=O
CHEMBL3580806,N#Cc1ccc(NC(=O)c2cccc([S](O)Cc3ccc(Cl)cc3)c2)cc1
CHEMBL3580805,CSc1ccc(CSc2cccc(C(=O)Nc3ccc(C#N)cc3)c2)cc1
CHEMBL3580804,C[S](O)c1ccc(NC(=O)c2cccc(SCc3ccc(Cl)cc3)c2)cc1
CHEMBL3580804,C[S+]([O-])c1ccc(NC(=O)c2cccc(SCc3ccc(Cl)cc3)c2)cc1
CHEMBL3580803,N#Cc1ccc(NC(=O)c2cccc(SCc3ccc(Cl)cc3)c2)cc1
CHEMBL3580802,COc1ccc(CS(=O)(=O)c2cccc(C(=O)Nc3ccc(C#N)cc3)c2)cc1
CHEMBL3580796,N#Cc1ccc(NC(=O)c2cccc(S(=O)(=O)Cc3ccc(Cl)cc3)c2)nc1
CHEMBL3431191,CC(=O)Nc1ccc(-c2noc(CC3CCCN(Cc4cccc(F)c4C)C3)n2)cc1
CHEMBL3427778,NC(=O)C1Cc2ccccc2Cc2c(-c3ccc(Cl)cc3)n[nH]c21
CHEMBL3427775,NC(=O)C1CC(c2ccccc2)Cc2c(-c3ccc(Cl)cc3)n[nH]c21
CHEMBL3427774,CC1(C)Cc2c(-c3cc4ccccc4s3)n[nH]c2C(C(N)=O)C1
CHEMBL3427770,CC1(C)Cc2c(-c3ccc(Cl)cc3)n[nH]c2C(C(N)=O)C1
CHEMBL3427768,NC(=O)C1CCCCc2c(-c3ccc(Cl)cc3)n[nH]c21
CHEMBL3427764,Cn1c(-c2n[nH]c3c2CCCC3C(N)=O)cc2cc(Cl)ccc21
CHEMBL3427762,Cn1c(-c2n[nH]c3c2CCCC3C(N)=O)cc2ccccc21
CHEMBL3427761,NC(=O)C1CCCc2c(-c3nc4ccccc4s3)n[nH]c21
CHEMBL3427760,NC(=O)C1CCCc2c(-c3cc4ccccc4o3)n[nH]c21
CHEMBL3427759,NC(=O)C1CCCc2c(-c3cc4ccccc4s3)n[nH]c21
CHEMBL3427748,NC(=O)C1CCCc2c(-c3ccc(Cl)c(Cl)c3)n[nH]c21
CHEMBL34241,CC(=O)c1c(O)c(C)c(O)c(Cc2c(O)c3c(c(C(=O)/C=C/c4ccccc4)c2O)OC(C)(C)C=C3)c1O
CHEMBL3408980,CCCCCCCCn1c2c(c3cc(-c4cnc(N)nc4)ccc31)CN(C(C)C)CC2
CHEMBL3408833,CCCCCCCCn1c2c(c3cc(-c4cnc(N)nc4)ccc31)CN(C)CC2
CHEMBL3408831,CCCCCCCCn1c2c(c3cc(-c4cccc(C)c4)ccc31)CNCC2
CHEMBL3408830,CCCCCCCCn1c2c(c3cc(-c4cccc(C)c4)ccc31)CN(Cc1ccccc1)CC2
CHEMBL3408829,CCCCCCCCn1c2c(c3cc(-c4cccc(C)c4)ccc31)CN(C)CC2
CHEMBL3408827,CCCCCCCCn1c2c(c3cc(-c4cccc(C)c4)ccc31)CN(C(C)C)CC2
CHEMBL3408826,CCCCCCCCn1c2c(c3cc(-c4cccc(C)c4)ccc31)CN(C(N)=O)CC2
CHEMBL3408821,CCCCCCCCn1c2c(c3cc(-c4ccc(S(C)(=O)=O)cc4)ccc31)CNCC2
CHEMBL3408820,CCCCCCCCn1c2c(c3cc(-c4ccc(S(C)(=O)=O)cc4)ccc31)CN(C)CC2
CHEMBL3408819,CCCCCCCCn1c2c(c3cc(-c4ccc(S(C)(=O)=O)cc4)ccc31)CN(C(N)=O)CC2
CHEMBL3408817,CCCCn1c2c(c3cc(-c4ccc(S(C)(=O)=O)cc4)ccc31)CNCC2
CHEMBL3408815,CCCCCCCCn1c2c(c3cc(-c4cnc(N)nc4)ccc31)CNCC2
CHEMBL3408814,CCCCCCCCn1c2c(c3cc(-c4cnc(N)nc4)ccc31)CN(C(N)=O)CC2
CHEMBL3358391,O=C(Nc1cnccc1Br)c1cccc(-c2ccc3ccccc3c2)c1
CHEMBL3358390,O=C(Nc1nccs1)c1cccc(-c2ccc3ccccc3c2)c1
CHEMBL3358388,O=C(Nc1cc[nH]n1)c1cccc(-c2ccc3ccccc3c2)c1
CHEMBL3358387,O=C(Nc1ccnnc1)c1cccc(-c2ccc3ccccc3c2)c1
CHEMBL3358386,O=C(Nc1cccnn1)c1cccc(-c2ccc3ccccc3c2)c1
CHEMBL3358385,O=C(Nc1ncccn1)c1cccc(-c2ccc3ccccc3c2)c1
CHEMBL3358384,O=C(Nc1cnccn1)c1cccc(-c2ccc3ccccc3c2)c1
CHEMBL3358383,O=C(Nc1ccncc1)c1cccc(-c2ccc3ccccc3c2)c1
CHEMBL3358382,O=C(Nc1cccnc1)c1cccc(-c2ccc3ccccc3c2)c1
CHEMBL3358381,O=C(Nc1ccccn1)c1cccc(-c2ccc3ccccc3c2)c1
CHEMBL3358379,O=C(Nc1ccccc1[N+](=O)[O-])c1cccc(-c2ccc3ccccc3c2)c1
CHEMBL3358378,COc1cccc(NC(=O)c2cccc(-c3ccc4ccccc4c3)c2)c1
CHEMBL3358377,COc1ccccc1NC(=O)c1cccc(-c2ccc3ccccc3c2)c1
CHEMBL3358375,O=C(Nc1ccccc1Br)c1cccc(-c2ccc3ccccc3c2)c1
CHEMBL3358370,O=C(Nc1cccc(-c2ccc3ccccc3c2)c1)c1ccccc1Br
CHEMBL3354221,CC(=O)Nc1c(CCc2ccccc2)oc2c(Br)cc(Cl)cc2c1=O
CHEMBL3354214,Cc1noc(CCC2CC(=O)c3cc(Cl)cc(Br)c3O2)n1
CHEMBL3354206,COC(=O)CCCC1CC(=O)c2cc(Cl)cc(Br)c2O1
CHEMBL3354205,COC(=O)CCC1CC(=O)c2cc(Cl)cc(Br)c2O1
CHEMBL3354204,CCCCCC1CC(=O)c2cc(Br)cc(Cl)c2O1
CHEMBL3354201,O=C1CC(CCc2cccnc2)Oc2c(Br)cc(Cl)cc21
CHEMBL3350587,COc1ccc(-c2nc3c(N)ncnc3n2[C@@H]2O[C@H](COP(=O)(O)OP(=O)([O-])OC[C@H]3O[C@@H]([n+]4cccc(C(N)=O)c4)[C@H](O)[C@@H]3O)[C@@H](O)[C@H]2O)cc1
CHEMBL3350586,NC(=O)c1ccc[n+]([C@@H]2O[C@H](COP(=O)([O-])OP(=O)(O)OC[C@H]3O[C@@H](n4c(-c5ccc(Cl)cc5)nc5c(N)ncnc54)[C@H](O)[C@@H]3O)[C@@H](O)[C@H]2O)c1
CHEMBL3350584,NC(=O)c1ccc[n+]([C@@H]2O[C@H](COP(=O)([O-])OP(=O)(O)OC[C@H]3O[C@@H](n4c(Br)nc5c(N)ncnc54)[C@H](O)[C@@H]3O)[C@@H](O)[C@H]2O)c1
CHEMBL3347531,CC(C)=CCC/C(C)=C/C[C@@H]1C[C@@]2(CC=C(C)C)C(=O)[C@](CC=C(C)C)(C(=O)C(C(=O)c3ccc(O)c(O)c3)=C2O)[C@@]1(C)CCC=C(C)C
CHEMBL3343656,NC(=O)c1cncc(Oc2cccc3c(NC(=O)c4cccnc4)cccc23)c1
CHEMBL3343655,NC(=O)c1cncc(Oc2cccc3c(NC(=O)c4ccncc4)cccc23)c1
CHEMBL3343654,NC(=O)c1cncc(Oc2cccc3c(NC(=O)c4cccc([N+](=O)[O-])c4)cccc23)c1
CHEMBL3343653,Cc1ccc(C(=O)Nc2cccc3c(Oc4cncc(C(N)=O)c4)cccc23)cc1
CHEMBL3343652,NC(=O)c1cncc(Oc2cccc3c(NC(=O)c4ccccc4)cccc23)c1
CHEMBL3343651,Cc1ccc(C(=O)Nc2cccc3c(Oc4cncc(C(N)=O)c4)cccc23)cc1[N+](=O)[O-]
CHEMBL3343535,NC(=O)c1cncc(Oc2ccc3c(NC(=O)c4cccc([N+](=O)[O-])c4)cccc3c2)c1
CHEMBL3343534,Cc1ccc(C(=O)Nc2cccc3cc(Oc4cncc(C(N)=O)c4)ccc23)cc1
CHEMBL3343533,NC(=O)c1cncc(Oc2ccc3c(NC(=O)c4ccccc4)cccc3c2)c1
CHEMBL3343532,Cc1ccc(C(=O)Nc2cccc3cc(Oc4cncc(C(N)=O)c4)ccc23)cc1[N+](=O)[O-]
CHEMBL3343531,NC(=O)c1cncc(Sc2cccc3ccccc23)c1
CHEMBL3343530,NC(=O)c1cncc(Oc2cccc3ccccc23)c1
CHEMBL3343528,NC(=O)c1cncc(Nc2cccc3ccccc23)c1
CHEMBL3343526,NC(=O)c1cncc(Sc2ccc3ccccc3c2)c1
CHEMBL3343525,NC(=O)c1cncc(Oc2ccc3ccccc3c2)c1
CHEMBL3343524,NC(=O)c1cccc(Oc2ccc3ccccc3c2)c1
CHEMBL3343523,NC(=O)c1cncc(Nc2ccc3ccccc3c2)c1
CHEMBL3343515,NC(=O)c1ccc(Sc2ccc3ccccc3c2)nc1
CHEMBL3290220,CCOC(=O)c1ccc2c(c1)nc(-c1ccc(C)cc1)n2-c1ccccc1
CHEMBL3290218,CCOC(=O)c1ccc2c(c1)nc(-c1ccc(N(C)C)cc1)n2-c1ccccc1
CHEMBL3290210,CCOC(=O)c1ccc2c(c1)nc(-c1ccc(N(C)C)cc1)n2CCCN1CCCC1=O
CHEMBL3237064,CN(c1ccc(Cl)cc1)S(=O)(=O)c1cccc(NC(=O)c2ccc(C#N)cc2)c1
CHEMBL3237063,CN(c1ccc(S(C)(=O)=O)cc1)S(=O)(=O)c1cccc(NC(=O)c2ccc(Br)cc2)c1
CHEMBL3237041,CN(c1ccc(Cl)cc1)S(=O)(=O)c1cc(C(=O)Nc2ccc(C#N)cc2F)ccn1
CHEMBL3237040,CN(c1ccc(Cl)cc1)S(=O)(=O)c1cc(C(=O)Nc2ccc(C#N)cc2)ccn1
CHEMBL3237039,CN(c1ccc(Cl)cc1)S(=O)(=O)c1cccc(C(=O)Nc2ccc(C#N)cc2F)c1
CHEMBL3237038,CN(C(=O)c1cccc(S(=O)(=O)N(C)c2ccc(Br)cc2)c1)c1ccc(Br)cc1F
CHEMBL3237037,CN(C(=O)c1cccc(S(=O)(=O)N(C)c2ccc(Br)cc2)c1)c1ccc(Cl)cc1F
CHEMBL3237034,CC(O)c1ccc(N(C)S(=O)(=O)c2cccc(C(=O)Nc3ccc(C#N)cc3)c2)cc1
CHEMBL3237032,CN(c1ccc(Cl)cn1)S(=O)(=O)c1cccc(C(=O)Nc2ccc(C#N)cc2)c1
CHEMBL3237025,CN(c1ccc(S(C)(=O)=O)cc1)S(=O)(=O)c1cccc(C(=O)Nc2ccc(Cl)cc2)c1
CHEMBL3237023,CN(c1ccc(S(C)(=O)=O)cc1)S(=O)(=O)c1cccc(C(=O)Nc2ccc(C#N)cc2)c1
CHEMBL3237017,CC(=O)c1ccc(NC(=O)c2cccc(S(=O)(=O)N(C)c3ccc(C(C)=O)cc3)c2)cc1
CHEMBL3237014,CC(=O)c1ccc(N(C)S(=O)(=O)c2cccc(C(=O)Nc3ccc(C#N)cc3)c2)cc1
CHEMBL3237013,CC(=O)c1ccc(N(C)S(=O)(=O)c2cccc(C(=O)Nc3ccc([S+](C)[O-])cc3)c2)cc1
CHEMBL3237011,CC(=O)c1ccc(N(C)S(=O)(=O)c2cccc(C(=O)Nc3ccc(Cl)cn3)c2)cc1
CHEMBL3237010,CC(=O)c1ccc(N(C)S(=O)(=O)c2cccc(C(=O)Nc3ccc(Cl)cc3)c2)cc1
CHEMBL3236998,COc1ccc(N(C)S(=O)(=O)c2cccc(C(=O)Nc3ccc(C#N)cc3)c2)cc1
CHEMBL3236980,CN(c1ccc(Cl)cc1)S(=O)(=O)c1cccc(C(=O)Nc2ccc(C#N)cn2)c1
CHEMBL3236972,CN(c1ccc(Cl)cc1)S(=O)(=O)c1cccc(C(=O)Nc2ccc(C#N)cc2)c1
CHEMBL3236969,CN(c1ccc(Cl)cc1)S(=O)(=O)c1cccc(C(=O)Nc2ccc(S(C)(=O)=O)cc2)c1
CHEMBL3236967,CN(c1ccc(Cl)cc1)S(=O)(=O)c1cccc(C(=O)Nc2ccc([S](C)O)cc2)c1
CHEMBL3236962,CN(c1ccc(Cl)cc1)S(=O)(=O)c1cccc(C(=O)Nc2ccc(F)cn2)c1
CHEMBL3236708,CN(c1ccc(Cl)cc1)S(=O)(=O)c1cccc(C(=O)Nc2cc(Cl)cnn2)c1
CHEMBL3236707,CN(c1ccc(Cl)cc1)S(=O)(=O)c1cccc(C(=O)Nc2ccc(Cl)nn2)c1
CHEMBL3236703,CN(c1ccc(F)cc1)S(=O)(=O)c1cccc(C(=O)Nc2ccc(C#N)cc2)c1
CHEMBL3236133,NC(=O)c1ccccc1Nc1ccc(-c2cn(Cc3ccccc3)nn2)cc1
CHEMBL3236132,NC(=O)c1ccccc1Nc1cccc(-c2cn(CCC3CCCC3)nn2)c1
CHEMBL3233749,Cc1ccc(-c2[nH]oc(=O)c2Cc2c(O)ccc3cc(Br)ccc23)cc1
CHEMBL3233734,COc1ccc2c(Cc3c(-c4ccc(C)cc4)[nH][nH]c3=O)c(O)ccc2c1
CHEMBL3233733,Cc1ccc(-c2[nH][nH]c(=O)c2Cc2c(O)ccc3cc(-c4ccccc4)ccc23)cc1
CHEMBL3222149,CC(C)(C)NS(=O)(=O)c1ccc2c(c1)Nc1ccccc1CC2
CHEMBL3222144,NC(=O)c1ccc2c(c1)CCc1cc([N+](=O)[O-])ccc1N2
CHEMBL3222141,O=C(Nc1cccc(Br)c1)c1cccc(S(=O)(=O)N2CCCCCC2)c1
CHEMBL3221535,CC(=O)NCCCC[C@H](NC(=O)[C@H](CCCCNC(C)=S)NC(=O)[C@H](CCCCNC(C)=O)NC(C)=O)C(N)=O
CHEMBL3220464,COC(=O)c1ccc(-c2ccc(C=C3C(=O)NC(=S)NC3=O)o2)cc1
CHEMBL3220463,O=C1NC(=S)NC(=O)C1=Cc1ccc(Sc2ccccc2)o1
CHEMBL3220462,O=C1NC(=S)NC(=O)C1=Cc1cn(-c2ccccc2)nc1-c1ccc(Cl)cc1
CHEMBL3220460,CC(=O)c1ccc(-c2ccc(C=C3C(=O)NC(=S)NC3=O)o2)cc1
CHEMBL3220459,O=C1NC(=S)NC(=O)C1=Cc1ccc(OCc2cccc3ccccc23)cc1
CHEMBL3220458,O=C1NC(=S)NC(=O)C1=Cc1ccc(OCc2ccccc2)c(OCc2ccccc2)c1
CHEMBL3220457,O=C1NC(=S)NC(=O)C1=Cc1cc(OCc2ccc(Br)cc2)ccc1Cl
CHEMBL3220456,CCOc1ccc(C=C2C(=O)NC(=S)NC2=O)cc1CCc1ccccc1
CHEMBL3220455,COc1ccc(CC2C(=O)NC(=S)NC2=O)cc1OCc1ccccc1
CHEMBL3220454,CC(C)Oc1ccc(C=C2C(=O)NC(=S)NC2=O)cc1
CHEMBL3219566,CCCCOc1ccc(Cn2c(-c3ccccc3)c(Cc3ccccc3)c(=O)[nH]c2=S)cc1
CHEMBL3219565,CCOc1ccc(Cn2c(-c3ccccc3)c(Cc3ccccc3)c(=O)[nH]c2=S)cc1
CHEMBL3219564,COc1ccc(Cn2c(-c3ccccc3)c(Cc3ccccc3)c(=O)[nH]c2=S)cc1
CHEMBL3219561,CCCOc1ccc(Cn2c(-c3ccccc3)c(Cc3c(O)ccc4ccccc34)c(=O)[nH]c2=S)cc1
CHEMBL3219560,CCOc1ccc(Cn2c(-c3ccccc3)c(Cc3c(O)ccc4ccccc34)c(=O)[nH]c2=S)cc1
CHEMBL3219559,COc1ccc(Cn2c(-c3ccccc3)c(Cc3c(O)ccc4ccccc34)c(=O)[nH]c2=S)cc1
CHEMBL3219558,O=c1[nH]c(=S)n(Cc2ccccc2)c(-c2ccccc2)c1Cc1c(O)ccc2ccccc12
CHEMBL3219557,CCCOc1ccc(Cn2c(-c3ccccc3)c(Cc3c(Cc4ccccc4)ccc4ccccc34)c(=O)[nH]c2=S)cc1
CHEMBL3219556,CCOc1ccc(Cn2c(-c3ccccc3)c(Cc3c(Cc4ccccc4)ccc4ccccc34)c(=O)[nH]c2=S)cc1
CHEMBL3219553,CCCCOc1ccc(Cn2c(-c3ccccc3)c(Cc3c(OC)ccc4ccccc34)c(=O)[nH]c2=S)cc1
CHEMBL3219552,CCCOc1ccc(Cn2c(-c3ccccc3)c(Cc3c(OC)ccc4ccccc34)c(=O)[nH]c2=S)cc1
CHEMBL3219551,CCOc1ccc(Cn2c(-c3ccccc3)c(Cc3c(OC)ccc4ccccc34)c(=O)[nH]c2=S)cc1
CHEMBL3219550,COc1ccc(Cn2c(-c3ccccc3)c(Cc3c(OC)ccc4ccccc34)c(=O)[nH]c2=S)cc1
CHEMBL319620,O=C(O)c1cc(NCc2cc(O)ccc2O)ccc1O
CHEMBL3105182,CCOC(=O)c1ccc2c(c1)nc(-c1ccc3c(c1)OCO3)n2CCO
CHEMBL3105181,CCOC(=O)c1ccc2c(c1)nc(-c1ccc(N3CCCCC3)cc1)n2CCO
CHEMBL3105180,CCOC(=O)c1ccc2c(c1)nc(-c1ccc(N(C)C)cc1)n2CCO
CHEMBL3040216,CC1=CCC(C(=O)/N=C2\CC=C(S(=O)(=O)O)c3cc(S(=O)(=O)O)cc(S(=O)(=O)O)c32)=C/C1=N/C(=O)C1=CC=C/C(=N\C(=O)/N=C2\C=CC=C(C(=O)/N=C3/CC(C(=O)/N=C4\CC=C(S(=O)(=O)O)c5cc(S(=O)(=O)O)cc(S(=O)(=O)O)c54)=CC=C3C)C2)C1
CHEMBL298346,O=C1C(c2c[nH]c3ccccc23)=C(c2c[nH]c3ccccc23)C(=O)N1Cc1ccccc1
CHEMBL291725,CN1C(=O)C(c2c[nH]c3ccccc23)=C(c2c[nH]c3ccccc23)C1=O
CHEMBL273076,Cc1ccc(C2CC(=O)Oc3ccc4cc(Br)ccc4c32)cc1F
CHEMBL272461,O=C1CC(c2ccc(F)c(F)c2)c2c(ccc3cc(Br)ccc23)O1
CHEMBL271536,Cc1cccc(C2CC(=O)Oc3ccc4cc(C)ccc4c32)c1
CHEMBL270905,O=C1CC(c2ccccc2)c2c(ccc3cc(I)ccc23)O1
CHEMBL270478,Cc1ccc(C2CC(=O)Oc3ccc4cc(Br)ccc4c32)cc1Cl
CHEMBL270292,O=C1CC(c2ccccc2)c2c(ccc3cc(Br)ccc23)O1
CHEMBL270291,COc1ccc(C2CC(=O)Oc3ccc4cc(Br)ccc4c32)cc1
CHEMBL270110,Cc1ccc([C@H]2CC(=O)Oc3ccc4cc(C)ccc4c32)cc1
CHEMBL270109,Cc1ccc2c3c(ccc2c1)OC(=O)CC3c1ccc(C)c(F)c1
CHEMBL270075,O=C1CC(c2cccc(Br)c2)c2c(ccc3cc(Br)ccc23)O1
CHEMBL266487,O=C1NC(=O)C(c2c[nH]c3ccccc23)=C1c1c[nH]c2ccccc12
CHEMBL265453,O=C(/C=C/c1cc(Br)c(O)c(Br)c1)c1ccc(C(=O)/C=C/c2cc(Br)c(O)c(Br)c2)cc1
CHEMBL263467,O=C1NC(=O)C2=C1c1cn(c3ccccc13)CC[C@@H](C1COC3(CCCCC3)O1)OCCn1cc2c2c(F)cccc21
CHEMBL261605,Cc1ccc2c3c(ccc2c1)OC(=O)C[C@@H]3c1ccccc1
CHEMBL260149,O=C1/C(=C/c2cc(Br)c(O)c(Br)c2)CCC/C1=C\c1cc(Br)c(O)c(Br)c1
CHEMBL259457,CN1C/C(=C\c2cc(Br)c(O)c(Br)c2)C(=O)/C(=C/c2cc(Br)c(O)c(Br)c2)C1
CHEMBL259324,O=C1/C(=C/c2cc(Br)c(O)c(Br)c2)COC/C1=C\c1cc(Br)c(O)c(Br)c1
CHEMBL259008,O=C(/C=C/c1cc(Br)c(O)c(Br)c1)/C=C/c1cc(Br)c(O)c(Br)c1
CHEMBL252556,COC1=C(OC)C(=O)C(CCCCCCCCCCO)=C(C)C1=O
CHEMBL2443304,COC(=O)[C@@H]1Cc2c([nH]c3ccccc23)[C@H]2N(C)c3ccccc3C(=O)N12
CHEMBL242867,CC(C)(NC(=O)/C=C/c1ccc(O)cc1)C(=O)NCCc1c[nH]c2ccccc12
CHEMBL2420991,CC(=S)NCCCC[C@H](NC(=O)[C@@H]1C[C@@H](O)CN1C(=O)OCc1ccccc1)C(=O)Nc1ccccc1
CHEMBL2420986,CC(=S)NCCCC[C@H](NC(=O)C[C@@H]1NC(=O)[C@H](Cc2ccccc2)NC1=O)C(=O)NCC(=O)c1ccccc1
CHEMBL2420984,CC(=S)NCCCC[C@H](NC(=O)CCc1ccccc1F)C(=O)Nc1cccnc1
CHEMBL2420982,CC(=S)NCCCC[C@H](NC(=O)CCCCCCc1ccccc1)C(=O)NCc1ccccc1
CHEMBL2420981,CC(=S)NCCCC[C@H](NC(=O)CCCCCc1ccccc1)C(=O)NCc1ccccc1
CHEMBL2417698,CC(=S)NCCCC[C@H](NC(=O)OC(C)(C)C)C(=O)NCC(=O)c1ccccc1
CHEMBL2417697,CC(=S)NCCCC[C@H](NC(=O)[C@@H]1CCCN1C(=O)OC(C)(C)C)C(=O)NCC(=O)c1ccccc1
CHEMBL2417696,CC(=S)NCCCC[C@H](NC(=O)[C@@H]1C[C@@H](O)CN1C(=O)OCc1ccccc1)C(=O)NCC(=O)c1ccccc1
CHEMBL2417695,CC(=S)NCCCC[C@H](NC(=O)CCc1cccnc1)C(=O)NCC(=O)c1ccccc1
CHEMBL2417694,CC(=S)NCCCC[C@H](NC(=O)CCCCCc1ccccc1)C(=O)NCC(=O)c1ccccc1
CHEMBL2417693,CC(=S)NCCCC[C@H](NC(=O)CCCc1ccccc1)C(=O)NCC(=O)c1ccccc1
CHEMBL2417692,CC(=S)NCCCC[C@H](NC(=O)CCc1ccccc1)C(=O)NCC(=O)c1ccccc1
CHEMBL2417690,CC(=S)NCCCC[C@H](NC(=O)[C@@H]1C[C@@H](O)CN1C(=O)OCc1ccccc1)C(=O)NCc1ccccc1
CHEMBL2417689,CC(=S)NCCCC[C@H](NC(=O)OCc1ccccc1)C(=O)N[C@@H](C)C(N)=O
CHEMBL2417688,CC(=S)NCCCC[C@H](NC(=O)OCc1ccccc1)C(=O)NCC(N)=O
CHEMBL2417687,CC(=S)NCCCC[C@H](NC(=O)OCc1ccccc1)C(=O)Nc1cccnc1
CHEMBL2417686,CC(=S)NCCCC[C@H](NC(=O)OCc1ccccc1)C(=O)NCCc1c[nH]c2ccc(OCc3ccccc3)cc12
CHEMBL2417685,COc1ccc2[nH]cc(CCNC(=O)[C@H](CCCCNC(C)=S)NC(=O)OCc3ccccc3)c2c1
CHEMBL2417684,CC(=S)NCCCC[C@H](NC(=O)OCc1ccccc1)C(=O)NCCc1c[nH]c2ccccc12
CHEMBL2417683,CC(=S)NCCCC[C@H](NC(=O)OCc1ccccc1)C(=O)NCC(O)c1ccccc1
CHEMBL2417682,COc1ccc(C(=O)CNC(=O)[C@H](CCCCNC(C)=S)NC(=O)OCc2ccccc2)cc1
CHEMBL2417681,CC(=S)NCCCC[C@H](NC(=O)OCc1ccccc1)C(=O)NCc1ccccc1
CHEMBL2417680,CC(=S)NCCCC[C@H](NC(=O)OCc1ccccc1)C(=O)NCCc1ccccc1
CHEMBL2338820,CNC(=O)c1cc2ncnc(N3CCC(CCNC(=O)C(C)(C)C)CC3)c2s1
CHEMBL2338818,Cc1c(C(N)=O)sc2c(N3CCC(CCNC(=O)C(C)(C)C)CC3)ncnc12
CHEMBL2338817,CC(C)(C)C(=O)NCCC1CCN(c2nccc3cc(C(N)=O)sc23)CC1
CHEMBL2338816,CC(C)(C)C(=O)NCCC1CCN(c2ccnc3cc(C(N)=O)sc23)CC1
CHEMBL2338815,CC(C)(C)C(=O)NCCC1CCN(c2ncnc3cc(C(N)=O)oc23)CC1
CHEMBL2338814,NC(=O)c1cc2ncnc(N3CCN(CCN4CCCC4)CC3)c2s1
CHEMBL2338813,NC(=O)c1cc2ncnc(N3CCC(CCN4CCCC4)CC3)c2s1
CHEMBL2338812,NC(=O)c1cc2ncnc(N3CCC(CN4CCCC4)CC3)c2s1
CHEMBL2338811,CS(=O)(=O)NCCN1CCN(c2ncnc3cc(C(N)=O)sc23)CC1
CHEMBL2338810,CS(=O)(=O)NCCC1CCN(c2ncnc3cc(C(N)=O)sc23)CC1
CHEMBL2338809,CC(C)(C)C(=O)NCCN1CCN(c2ncnc3cc(C(N)=O)sc23)CC1
CHEMBL2338808,CC(C)(C)C(=O)NCCCC1CCN(c2ncnc3cc(C(N)=O)sc23)CC1
CHEMBL2332055,CC(C)(C)C(=O)NCCC1CCN(c2ncnc3cc(C(N)=O)sc23)CC1
CHEMBL2332054,CC(C)(C)C(=O)NCC1CCN(c2ncnc3cc(C(N)=O)sc23)CC1
CHEMBL2332053,CC(=S)NCCN1CCN(c2ncnc3cc(C(N)=O)sc23)CC1
CHEMBL2332052,CC(=S)NCCC1CCN(c2ncnc3cc(C(N)=O)sc23)CC1
CHEMBL2332051,CC(=O)NCCN1CCN(c2ncnc3cc(C(N)=O)sc23)CC1
CHEMBL2332050,CC(=O)NCC1CCN(c2ncnc3cc(C(N)=O)sc23)CC1
CHEMBL2332048,CCNc1ncnc2cc(C(N)=O)sc12
CHEMBL2332047,NC(=O)c1cc2ncnc(N3CCCCC3)c2s1
CHEMBL2332046,NCCC1CCN(c2ncnc3cc(C(N)=O)sc23)CC1
CHEMBL2332045,CC(=O)NCCC1CCN(c2ncnc3cc(C(N)=O)sc23)CC1
CHEMBL2332044,CC(C)(C)OC(=O)NCCC1CCN(c2ncnc3cc(C(N)=O)sc23)CC1
CHEMBL2332043,NC(=O)c1cc2ncnc(N3CCC(CCNC(=O)c4cccs4)CC3)c2s1
CHEMBL2332042,NC(=O)c1cc2ncnc(N3CCC(CCNC(=O)c4ccc(C(=O)O)s4)CC3)c2s1
CHEMBL2332041,CC(C)(C)OC(=O)c1ccc(C(=O)NCCC2CCN(c3ncnc4cc(C(N)=O)sc34)CC2)s1
CHEMBL2332040,CCNC(=O)c1ccc(C(=O)NCCN2CCN(c3ncnc4cc(C(N)=O)sc34)CC2)s1
CHEMBL2332039,CCNC(=O)c1ccc(C(=O)NCCC2CCN(c3ncnc4cc(C(N)=O)sc34)CC2)s1
CHEMBL2332038,CCNC(=O)c1cccc(C(=O)NCCN2CCN(c3ncnc4cc(C(N)=O)sc34)CC2)c1
CHEMBL2332037,CCNC(=O)c1cccc(C(=O)NCCC2CCN(c3ncnc4cc(C(N)=O)sc34)CC2)c1
CHEMBL2312289,NC(=O)[C@@H]1CCCc2c1[nH]c1ccc(Cl)cc21
CHEMBL228175,N#C/C(=C\c1ccc(-c2ccccc2Cl)o1)C(=O)Nc1cccc2ncccc12
CHEMBL226115,O=C(c1ccc(Cl)cc1)N1CCN(c2ccc([N+](=O)[O-])c3ncccc23)CC1
CHEMBL225797,N#C/C(=C\c1ccc(-c2cccc(C(F)(F)F)c2)o1)C(=O)Nc1cccc2ncccc12
CHEMBL224864,N#C/C(=C\c1ccc(-c2cc(Cl)ccc2Cl)o1)C(=O)Nc1cccc2ncccc12
CHEMBL220456,O=C1NC(=O)C(c2c[nH]c3cccc(F)c23)=C1c1cn(CCOC(CCO)C2COC3(CCCCC3)O2)c2ccccc12
CHEMBL2203548,C=CCN1C(=O)/C(=C/c2ccc(-c3cccc(Cl)c3Cl)o2)C(=O)NC1=S
CHEMBL2203547,O=C1NC(=S)NC(=O)C1=Cc1ccc(-c2cccc(Cl)c2Cl)o1
CHEMBL2203546,COc1ccc2c(C=C3C(=O)NC(=S)NC3=O)cccc2c1
CHEMBL2203545,CC(C)c1ccc(C=C2C(=O)NC(=S)NC2=O)cc1
CHEMBL2203544,COc1cc(C=C2C(=O)NC(=S)NC2=O)ccc1OCc1ccccc1Cl
CHEMBL2203543,O=C1NC(=S)NC(=O)C1=Cc1ccc(OCc2ccc(Br)cc2)cc1
CHEMBL2203541,CCN1C(=O)/C(=C/c2ccc(OCc3ccccc3)cc2)C(=O)NC1=S
CHEMBL2203540,CN1C(=O)/C(=C/c2ccc(OCc3ccccc3)cc2)C(=O)NC1=S
CHEMBL218910,O=C1NC(=O)C(c2c[nH]c3cccc(F)c23)=C1c1cn(CCOC(CCO)C(O)CO)c2ccccc12
CHEMBL218328,CN1CCCC1CCn1cc(C2=C(c3c[nH]c4ccccc34)C(=O)NC2=O)c2ccccc21
CHEMBL2181509,CC(CS(=O)(=O)c1ccccc1/N=C/c1c(O)ccc2ccccc12)c1ccccc1
CHEMBL2171201,CCCCn1c(=O)nc2oc3ccccc3cc-2c1=O
CHEMBL2171200,CCCn1c(=O)nc2oc3ccccc3cc-2c1=O
CHEMBL2171199,CCn1c(=O)nc2oc3ccccc3cc-2c1=O
CHEMBL2171198,Cn1c(=O)nc2oc3ccccc3cc-2c1=O
CHEMBL2171197,O=c1nc2oc3ccc4ccccc4c3cc-2c(=O)n1Cc1ccccc1
CHEMBL2171195,CCCCn1c(=O)nc2oc3ccc4ccccc4c3cc-2c1=O
CHEMBL2171194,C=CCn1c(=O)nc2oc3ccc4ccccc4c3cc-2c1=O
CHEMBL2171193,CCCn1c(=O)nc2oc3ccc4ccccc4c3cc-2c1=O
CHEMBL2171192,CCn1c(=O)nc2oc3ccc4ccccc4c3cc-2c1=O
CHEMBL2171191,Cn1c(=O)nc2oc3ccc4ccccc4c3cc-2c1=O
CHEMBL2170194,O=C1NC(=S)NC(=O)C1=Cc1cccc2ccccc12
CHEMBL2164019,CCCCCC1CC(=O)c2cc(C)cc(C)c2O1
CHEMBL2164018,CCCCCC1CC(=O)c2cc(Br)cc(Br)c2O1
CHEMBL2164016,CCCCC[C@H]1CC(=O)c2cc(Cl)cc(Br)c2O1
CHEMBL2164015,CCCCC[C@@H]1CC(=O)c2cc(Cl)cc(Br)c2O1
CHEMBL2164014,CCCCCC1CC(=O)c2cc(Cl)cc(Br)c2O1
CHEMBL2164009,CCCCCc1cc(=O)c2cc(Cl)cc(Br)c2o1
CHEMBL2164005,O=C1CC(CCc2ccccc2)Oc2c(Br)cc(Cl)cc21
CHEMBL2164003,CCCC1CC(=O)c2cc(Cl)cc(Br)c2O1
CHEMBL2152628,NC(=O)c1ccccc1Nc1cccc(OCCc2ccc(Br)cc2)c1
CHEMBL2152627,NC(=O)c1ccccc1Nc1cccc(OCCc2cccc(Br)c2)c1
CHEMBL2152626,NC(=O)c1ccccc1Nc1cccc(OCCc2ccccc2Br)c1
CHEMBL2152625,NC(=O)c1ccccc1Nc1cccc(OCCc2ccc(Cl)cc2)c1
CHEMBL2152624,NC(=O)c1ccccc1Nc1cccc(OCCc2cccc(Cl)c2)c1
CHEMBL2152623,NC(=O)c1ccccc1Nc1cccc(OCCc2ccccc2Cl)c1
CHEMBL2152622,NC(=O)c1ccccc1Nc1cccc(OCCc2ccc(F)cc2)c1
CHEMBL2152621,NC(=O)c1ccccc1Nc1cccc(OCCc2cccc(F)c2)c1
CHEMBL2152620,NC(=O)c1ccccc1Nc1cccc(OCCc2ccc(C(F)(F)F)cc2)c1
CHEMBL2152619,NC(=O)c1ccccc1Nc1cccc(OCCc2cccc(C(F)(F)F)c2)c1
CHEMBL2152618,NC(=O)c1ccccc1Nc1cccc(OCCc2ccccc2C(F)(F)F)c1
CHEMBL2152617,Cc1ccc(CCOc2cccc(Nc3ccccc3C(N)=O)c2)cc1
CHEMBL2152616,Cc1cccc(CCOc2cccc(Nc3ccccc3C(N)=O)c2)c1
CHEMBL2152615,Cc1ccccc1CCOc1cccc(Nc2ccccc2C(N)=O)c1
CHEMBL2152614,NC(=O)c1ccccc1Nc1cccc(OCCCc2ccccc2)c1
CHEMBL2152613,NC(=O)c1ccccc1Nc1cccc(OCCc2ccccc2)c1
CHEMBL2152611,CC(C)COc1cccc(Nc2ccccc2C(N)=O)c1
CHEMBL2152610,NC(=O)c1ccccc1Nc1cccc(OCC2CCCCC2)c1
CHEMBL2152605,CN(Cc1ccccc1)C(=O)c1cccc(Nc2ccccc2C(N)=O)c1
CHEMBL2152604,NC(=O)c1ccccc1Nc1cccc(C(=O)NCc2ccccc2)c1
CHEMBL2152600,NC(=O)c1ccccc1Nc1ccc(NC(=O)c2cccnc2)cc1
CHEMBL2152597,NC(=O)c1ccccc1Nc1ccc(NC(=O)C2CCCCC2)cc1
CHEMBL2152594,NC(=O)c1ccccc1Nc1ccc(NC(=O)c2ccccc2)cc1
CHEMBL2152592,NC(=O)c1ccccc1Nc1ccc(C(=O)Nc2ccccc2)cc1
CHEMBL2152588,NC(=O)c1ccccc1Nc1ccc(/C=C\c2ccccc2)cc1
CHEMBL2152577,NC(=O)c1ccccc1Nc1ccc(OCc2ccccc2)cc1
CHEMBL2151055,NC(=O)c1ccccc1Nc1cccc(OCCc2ccccc2F)c1
CHEMBL200762,CC(NC(=O)c1cccc(/N=C/c2c(O)ccc3ccccc23)c1)c1ccccc1
CHEMBL198582,C[C@@H](NC(=O)c1ccccc1/N=C/c1c(O)ccc2ccccc12)c1ccccc1
CHEMBL197282,C[C@H](NC(=O)c1ccccc1/N=C/c1c(O)ccc2ccccc12)c1ccccc1
CHEMBL1962975,CN(C)CCCCC(=O)Nc1ccc(NC(=S)NC(=O)c2ccc(Cl)c(Cl)c2)cc1
CHEMBL1962974,CN(C)CCCCC(=O)Nc1ccc(NC(=S)NC(=O)c2ccc(C(C)(C)C)c(Br)c2)cc1
CHEMBL1962973,CN(C)CCCCC(=O)Nc1ccc(NC(=S)NC(=O)c2ccc(Br)cc2)cc1
CHEMBL1962885,CC(C)c1ccc(C(=O)NC(=S)Nc2ccc(NC(=O)CCCCN(C)C)cc2)cc1
CHEMBL1962780,CN(C)CCCCC(=O)Nc1ccc(NC(=S)NC(=O)c2cccc(Br)c2)cc1
CHEMBL1945673,CN(C)CCCCNC(=O)c1ccc(NC(=S)NC(=O)c2ccc(C(C)(C)C)cc2)cc1.Cl
CHEMBL1945670,Cc1ccccc1C(=O)NC(=S)Nc1ccc(NC(=O)CCCCN(C)C)cc1.Cl
CHEMBL1945266,CN(C)CCCCC(=O)Nc1ccc(NC(=S)NC(=O)c2ccc(Cl)c(Cl)c2)cc1.Cl
CHEMBL1945265,CN(C)CCCCC(=O)Nc1ccc(NC(=S)NC(=O)c2ccc(C(C)(C)C)c(Br)c2)cc1.Cl
CHEMBL1945264,CN(C)CCCCC(=O)Nc1ccc(NC(=S)NC(=O)c2cccc(Br)c2)cc1.Cl
CHEMBL1945259,CN(C)CCCCC(=O)Nc1ccc(NC(=S)NC(=O)c2ccc(Cl)cc2)cc1.Cl
CHEMBL1945258,COc1ccc(C(=O)NC(=S)Nc2ccc(NC(=O)CCCCN(C)C)cc2)cc1.Cl
CHEMBL1945255,CCCCCc1ccc(C(=O)NC(=S)Nc2ccc(NC(=O)CCCCN(C)C)cc2)cc1.Cl
CHEMBL1945254,CCCCc1ccc(C(=O)NC(=S)Nc2ccc(NC(=O)CCCCN(C)C)cc2)cc1.Cl
CHEMBL1945137,CC(C)c1ccc(C(=O)NC(=S)Nc2ccc(NC(=O)CCCCN(C)C)cc2)cc1.Cl
CHEMBL1945136,CCCc1ccc(C(=O)NC(=S)Nc2ccc(NC(=O)CCCCN(C)C)cc2)cc1.Cl
CHEMBL1945133,CN(C)CCCCCCCC(=O)Nc1ccc(NC(=S)NC(=O)c2ccc(C(C)(C)C)cc2)cc1.Cl
CHEMBL1945132,CN(C)CCCCCC(=O)Nc1ccc(NC(=S)NC(=O)c2ccc(C(C)(C)C)cc2)cc1.Cl
CHEMBL1945131,CN(C)CCCC(=O)Nc1ccc(NC(=S)NC(=O)c2ccc(C(C)(C)C)cc2)cc1.Cl
CHEMBL1945130,CN(C)CCCCC(=O)Nc1ccc(NC(=S)NC(=O)c2ccc(C(C)(C)C)cc2)cc1.Cl
CHEMBL1835312,CC(=S)NCCCC[C@H](NC(=O)OCc1ccccc1)C(=O)NCC(=O)c1ccccc1
CHEMBL1835311,CC(=S)NCCCC[C@H](NC(=O)OCc1ccccc1)C(=O)Nc1ccccc1O
CHEMBL1835310,CC(=S)NCCCC[C@H](NC(=O)OCc1ccccc1)C(=O)Nc1ccccc1F
CHEMBL1835308,CC(=S)NCCCC[C@H](NC(=O)[C@@H]1CCCN(C(=O)OC(C)(C)C)C1)C(=O)N[C@@H](C)C(=O)O
CHEMBL1835306,CC(=S)NCCCC[C@H](NC(=O)CCc1ccccc1F)C(=O)N[C@@H](C)C(=O)O
CHEMBL1835304,CC(=S)NCCCC[C@H](NC(=O)OCc1ccccc1)C(=O)N[C@@H](C)C(=O)O
CHEMBL1835303,CC(=S)NCCCC[C@H](NC(=O)[C@H](N)Cc1ccccc1)C(=O)N[C@@H](C)C(=O)O
CHEMBL1835302,CC(=S)NCCCC[C@H](NC(=O)[C@H](C)NC(=O)OC(C)(C)C)C(=O)N[C@@H](C)C(=O)O
CHEMBL1835301,CC(=O)N1CCC[C@H]1C(=O)N[C@@H](CCCCNC(C)=S)C(=O)N[C@@H](C)C(=O)O
CHEMBL1835299,CC(=S)NCCCC[C@H](N)C(=O)N[C@@H](C)C(=O)O
CHEMBL1835298,CC(=S)NCCCC[C@H](NC(=O)[C@H](C)N)C(=O)N[C@@H](C)C(=O)O
CHEMBL1835297,COC(=O)[C@H](C)NC(=O)[C@H](CCCCNC(C)=S)NC(=O)[C@H](C)NC(C)=O
CHEMBL1835296,CNC(=O)[C@H](C)NC(=O)[C@H](CCCCNC(C)=S)NC(=O)[C@H](C)NC(C)=O
CHEMBL1814815,CC(=O)NCCC[C@H](NC(=O)[C@H](CCCCNC(C)=S)NC(=O)[C@H](CCCNC(C)=O)NC(C)=O)C(N)=O
CHEMBL1797926,Cl.NCCn1c(=S)[nH]c2cc([N+](=O)[O-])ccc21
CHEMBL1797925,O=c1[nH]c2cc([N+](=O)[O-])ccc2n1C1CCCCC1
CHEMBL1797923,COc1ccc2[nH]c(=S)[nH]c2n1
CHEMBL1797922,S=c1[nH]c2ccc(Cl)nc2[nH]1
CHEMBL1797920,O=C(O)c1ccc2[nH]c(=S)[nH]c2c1
CHEMBL1797919,O=c1[nH]c2cc([N+](=O)[O-])c3ccccc3c2[nH]1
CHEMBL1797749,O=C(Nc1cccc([N+](=O)[O-])c1)c1cccc(S(=O)(=O)N2CCCCCC2)c1
CHEMBL1797746,O=c1[nH]c(=S)[nH]c(-c2cc3ccccc3s2)c1Cc1c(O)ccc2ccccc12
CHEMBL1797740,O=c1[nH]c(=S)[nH]c(-c2ccc(-c3ccccc3)cc2)c1Cc1c(O)ccc2ccccc12
CHEMBL1797739,O=c1[nH]c(=S)[nH]c(-c2ccc3ccccc3c2)c1Cc1c(O)ccc2ccccc12
CHEMBL1797736,O=C(CCc1ccccc1)C1Cc2c(ccc3ccccc23)OC1=O
CHEMBL1797735,O=C(Cc1ccccc1)C1Cc2c(ccc3ccccc23)OC1=O
CHEMBL1797732,O=C1Oc2ccc3ccccc3c2CC1C(=O)c1ccncc1
CHEMBL1797731,Cn1cccc1C(=O)C1Cc2c(ccc3ccccc23)OC1=O
CHEMBL1797730,O=C1Oc2ccc3ccccc3c2CC1C(=O)c1ccsc1
CHEMBL1797728,O=C1Oc2ccc3ccccc3c2CC1C(=O)c1ccoc1
CHEMBL1797727,O=C1Oc2ccc3ccccc3c2CC1C(=O)c1ccco1
CHEMBL1797726,O=C1Oc2ccc3ccccc3c2CC1C(=O)c1ccc(-c2ccccc2)cc1
CHEMBL1797725,O=C1Oc2ccc3ccccc3c2CC1C(=O)c1ccc2ccccc2c1
CHEMBL1797724,O=C1Oc2ccc3ccccc3c2CC1C(=O)c1cccc2ccccc12
CHEMBL1795371,O=C1NC(=S)NC(=O)C1=Cc1ccc(-c2ccccc2)cc1
CHEMBL1794051,Oc1c(Br)cc(C=C2c3cc(I)ccc3NC2O)cc1Br
CHEMBL1775011,Nc1ncnc2c1nc(-c1ccccc1)n2[C@@H]1O[C@H](COP(=O)(O)O)[C@@H](O)[C@H]1O
CHEMBL17329,COC(=O)/C=C/c1cc(O)ccc1O
CHEMBL1715925,O=C1NC(=S)NC(=O)C1=Cc1ccc(OCc2ccccc2)cc1
CHEMBL1714005,O=C1NC(=S)NC(=O)C1=Cc1c[nH]c2ccccc12
CHEMBL1591531,CS(=O)(=O)O.Cn1cc(C2=C(c3cn(CCCSC(=N)N)c4ccccc34)C(=O)NC2=O)c2ccccc21
CHEMBL154580,C=CC(=O)c1ccc2ccccc2c1
CHEMBL1537405,Cc1ccc2nc(O)c(C=C3C(=O)NC(=S)NC3=O)cc2c1
CHEMBL1483080,O=C1NC(=S)NC(=O)C1=Cc1cc2ccccc2[nH]1
CHEMBL1456134,Sc1nc2c(ccc3ccccc32)[nH]1
CHEMBL126077,O=Nc1c(-c2c(O)[nH]c3ccccc23)[nH]c2ccccc12
CHEMBL1254613,CC(=O)N[C@@H](C)C(=O)N[C@@H](CCCCNC(=S)CC(C)C)C(=O)N[C@@H](C)C(=O)O
CHEMBL1254539,CC(=O)N[C@@H](C)C(=O)N[C@@H](CCCCNC(=O)CC(C)C)C(=O)N[C@@H](C)C(=O)O
CHEMBL1254458,CNC(=O)[C@H](C)NC(=O)[C@H](CCCCNC(=O)C=C(C)C)NC(=O)[C@H](C)NC(C)=O
CHEMBL1254035,CC(=[Se])NCCCC[C@H](NC(=O)OCc1ccccc1)C(=O)Nc1ccccc1
CHEMBL1254033,CC(=O)N[C@@H](C)C(=O)N[C@@H](CCCCNC(C)=[Se])C(=O)N[C@@H](C)C(=O)O
CHEMBL1254032,CC(=O)N[C@@H](C)C(=O)N[C@@H](CCCCNC(C)=S)C(=O)N[C@@H](C)C(=O)O
CHEMBL1237210,CC(C)=CCC[C@]1(C)[C@@H](CC=C(C)C)C[C@]2(CC=C(C)C)C(=O)C(CC=C(C)C)=C(O)[C@@]1(C(=O)C(C)C)C2=O
CHEMBL115600,Cc1ccc2[nH]c3c(c2c1)CCCC3C(N)=O
CHEMBL1140,NC(=O)c1cccnc1
CHEMBL112265,NC(=O)C1CCCc2c1[nH]c1ccccc21
